,agg_scores,exp_scores,cell_type_category
pseudobulk_0,0.15813463449012388,2.0481925010681152,immune
pseudobulk_1,0.17443279842154757,1.9076899290084839,immune
pseudobulk_2,0.1549580037244587,1.8031755685806274,immune
pseudobulk_3,0.16478153268690082,1.8424079418182373,immune
pseudobulk_4,0.15590300593612344,1.8589978218078613,immune
pseudobulk_5,0.16393152622549587,1.8659809827804565,immune
pseudobulk_6,0.1650729036191468,1.6978731155395508,immune
pseudobulk_7,0.1623917707183852,1.7422617673873901,immune
pseudobulk_8,0.14138414058834203,1.8192195892333984,immune
pseudobulk_9,0.1564815333695142,1.7566900253295898,immune
pseudobulk_10,0.1695376910502079,2.2979917526245117,immune
pseudobulk_11,0.1381873469799747,1.5380527973175049,immune
pseudobulk_12,0.1304233980481501,1.488957405090332,immune
pseudobulk_13,0.14883864575312927,1.5205472707748413,immune
pseudobulk_14,0.17098535446711943,2.003995656967163,immune
pseudobulk_15,0.17436264295247272,2.141587495803833,immune
pseudobulk_16,0.13428068215944092,1.6743308305740356,immune
pseudobulk_17,0.1641937767271872,1.6914829015731812,immune
pseudobulk_18,0.16104624938452491,2.0017848014831543,immune
pseudobulk_19,0.1591282939771178,1.7739887237548828,immune
pseudobulk_20,0.1707512689172278,2.078578233718872,immune
pseudobulk_21,0.1677013783191784,2.008873462677002,immune
pseudobulk_22,0.1708082914046816,2.0872490406036377,immune
pseudobulk_23,0.16849279776215462,2.1385645866394043,immune
pseudobulk_24,0.16188995400443562,1.8489904403686523,immune
pseudobulk_25,0.17890965706283052,1.9568891525268555,immune
pseudobulk_26,0.17073388465087053,1.7506052255630493,immune
pseudobulk_27,0.15459343945258172,1.8850829601287842,immune
pseudobulk_28,0.1638319752892119,1.809632420539856,immune
pseudobulk_29,0.1592021038522933,2.098090887069702,immune
pseudobulk_30,0.1633355377707618,1.7527223825454712,immune
pseudobulk_31,0.1505626559955988,1.8463549613952637,immune
pseudobulk_32,0.1685029851505522,1.7022976875305176,immune
pseudobulk_33,0.1448312916909332,1.9150828123092651,immune
pseudobulk_34,0.1562542741594358,1.8283542394638062,immune
pseudobulk_35,0.15454253222560374,1.7958488464355469,immune
pseudobulk_36,0.15968190913554128,2.031184434890747,immune
pseudobulk_37,0.15332692477386328,1.9440668821334839,immune
pseudobulk_38,0.1514999209903168,1.646946907043457,immune
pseudobulk_39,0.1707112145959386,1.9580938816070557,immune
pseudobulk_40,0.14931085449643292,1.714695930480957,immune
pseudobulk_41,0.1519220707123156,1.576825737953186,immune
pseudobulk_42,0.1700466604670496,2.142948627471924,immune
pseudobulk_43,0.14642641133104808,1.6793115139007568,immune
pseudobulk_44,0.1667805545730503,1.7136236429214478,immune
pseudobulk_45,0.16941625644540054,2.009066581726074,immune
pseudobulk_46,0.16869616034818924,1.9230701923370361,immune
pseudobulk_47,0.182758947543333,2.1947364807128906,immune
pseudobulk_48,0.1826270558522073,2.173410177230835,immune
pseudobulk_49,0.19035431768861488,2.3012969493865967,immune
pseudobulk_50,0.1836663405701972,2.3805129528045654,immune
pseudobulk_51,0.1868040590779846,2.0581767559051514,immune
pseudobulk_52,0.18356791899350244,2.1546988487243652,immune
pseudobulk_53,0.1826896339771322,2.081120729446411,immune
pseudobulk_54,0.1837565086898385,2.3023159503936768,immune
pseudobulk_55,0.1804546536441179,2.0815322399139404,immune
pseudobulk_56,0.1659380693454281,1.8581181764602661,immune
pseudobulk_57,0.15858630667207652,1.6626731157302856,immune
pseudobulk_58,0.1491985701723013,1.506355881690979,immune
pseudobulk_59,0.1706559406593431,2.1703598499298096,immune
pseudobulk_60,0.1732104931143101,1.8075765371322632,immune
pseudobulk_61,0.11626663821516409,1.0543322563171387,immune
pseudobulk_62,0.15457416398567028,1.6380867958068848,immune
pseudobulk_63,0.15167400182690371,1.505271315574646,immune
pseudobulk_64,0.1534595382981923,1.4911277294158936,immune
pseudobulk_65,0.172183301343465,2.049034357070923,immune
pseudobulk_66,0.1634471894794831,2.0383567810058594,immune
pseudobulk_67,0.1650114164804097,1.9011963605880737,immune
pseudobulk_68,0.13999806984793262,1.0107052326202393,immune
pseudobulk_69,0.16491943442815568,1.9660850763320923,immune
pseudobulk_70,0.1579352389089752,2.0072476863861084,immune
pseudobulk_71,0.14762565583805462,1.0478918552398682,immune
pseudobulk_72,0.14435046962534998,1.430951714515686,immune
pseudobulk_73,0.15312211355194327,1.7436808347702026,immune
pseudobulk_74,0.16318557341582937,1.8724288940429688,immune
pseudobulk_75,0.1422052340931245,1.1293171644210815,immune
pseudobulk_76,0.14676645492727292,1.0987179279327393,immune
pseudobulk_77,0.144459216040558,1.5799113512039185,immune
pseudobulk_78,0.1578799019771382,1.406909465789795,immune
pseudobulk_79,0.14404016087064397,1.5726996660232544,immune
pseudobulk_80,0.1456551432493132,1.8262267112731934,immune
pseudobulk_81,0.16210863948799561,1.8674226999282837,immune
pseudobulk_82,0.1382040950993532,1.116249680519104,immune
pseudobulk_83,0.153290273156016,1.931044340133667,immune
pseudobulk_84,0.1558829172863612,1.775397777557373,immune
pseudobulk_85,0.1464643441431678,1.1351567506790161,immune
pseudobulk_86,0.1613339455216181,1.9822916984558105,immune
pseudobulk_87,0.1559830219484854,2.013854503631592,immune
pseudobulk_88,0.14310976938577258,1.8741706609725952,immune
pseudobulk_89,0.1569681196706357,1.974349021911621,immune
pseudobulk_90,0.1402843968244255,1.0478918552398682,immune
pseudobulk_91,0.1626400677487242,1.883013129234314,immune
pseudobulk_92,0.160213987343012,1.6164112091064453,immune
pseudobulk_93,0.14939012075774258,1.6397432088851929,immune
pseudobulk_94,0.15019118180498384,1.6717679500579834,immune
pseudobulk_95,0.14969214226584762,1.891835331916809,immune
pseudobulk_96,0.1742398444621345,1.9551104307174683,immune
pseudobulk_97,0.1518440205836656,1.6089295148849487,immune
pseudobulk_98,0.16385507158702098,1.8476636409759521,immune
pseudobulk_99,0.1593167189275834,1.8833893537521362,immune
pseudobulk_100,0.16307731042615992,1.9245882034301758,immune
pseudobulk_101,0.16586294537410018,1.8525850772857666,immune
pseudobulk_102,0.17836218103184243,1.9181839227676392,immune
pseudobulk_103,0.14400232827756418,1.1273704767227173,immune
pseudobulk_104,0.1766878080670709,2.204240322113037,immune
pseudobulk_105,0.17756627131893654,2.057248830795288,immune
pseudobulk_106,0.18738043139455718,2.057133674621582,immune
pseudobulk_107,0.17930816374427988,1.9674429893493652,immune
pseudobulk_108,0.18368672474752998,2.007847547531128,immune
pseudobulk_109,0.1774430921650481,1.9915755987167358,immune
pseudobulk_110,0.18223676453635448,2.1342387199401855,immune
pseudobulk_111,0.1556999003514633,1.4444555044174194,immune
pseudobulk_112,0.1775354592245991,1.8409732580184937,immune
pseudobulk_113,0.1269165015255555,0.966293215751648,immune
pseudobulk_114,0.14494394767098012,1.2573208808898926,immune
pseudobulk_115,0.14925159199628843,1.4335002899169922,immune
pseudobulk_116,0.1753933346335531,1.7870564460754395,immune
pseudobulk_117,0.16706043253861805,1.9347509145736694,immune
pseudobulk_118,0.1601979592232953,1.9695727825164795,immune
pseudobulk_119,0.17084106526453852,1.74933660030365,immune
pseudobulk_120,0.1411536003433857,1.4185161590576172,immune
pseudobulk_121,0.1338891674567991,1.2659074068069458,immune
pseudobulk_122,0.144858611340168,1.686105728149414,immune
pseudobulk_123,0.1716806410695414,1.8586180210113525,immune
pseudobulk_124,0.1597236632951524,1.8670802116394043,immune
pseudobulk_125,0.17461931565776379,1.9583640098571777,immune
pseudobulk_126,0.12521918592392348,1.1106330156326294,immune
pseudobulk_127,0.16916716349078248,1.8552587032318115,immune
pseudobulk_128,0.1770490493508974,1.6262346506118774,immune
pseudobulk_129,0.1612750267377114,1.903243899345398,immune
pseudobulk_130,0.15117772493976991,1.9175150394439697,immune
pseudobulk_131,0.1534795993939031,1.9541622400283813,immune
pseudobulk_132,0.14408832865592439,1.301329255104065,immune
pseudobulk_133,0.1500874386692877,1.6251420974731445,immune
pseudobulk_134,0.1417355651501558,1.5964698791503906,immune
pseudobulk_135,0.1632815023185672,2.158745527267456,immune
pseudobulk_136,0.15489222214091447,1.9177005290985107,immune
pseudobulk_137,0.1526956403395153,1.733750820159912,immune
pseudobulk_138,0.13744263225817002,1.7410348653793335,immune
pseudobulk_139,0.176083079975796,2.0009493827819824,immune
pseudobulk_140,0.1545329349464727,1.718536376953125,immune
pseudobulk_141,0.14993599610170238,1.6336467266082764,immune
pseudobulk_142,0.1480541345663358,1.6110789775848389,immune
pseudobulk_143,0.1400931420503172,1.4528230428695679,immune
pseudobulk_144,0.1447139546944517,1.633832335472107,immune
pseudobulk_145,0.1580574034014706,1.7364246845245361,immune
pseudobulk_146,0.17986320817726542,2.0241005420684814,immune
pseudobulk_147,0.1644081089179953,1.9744893312454224,immune
pseudobulk_148,0.1766213808441525,1.9098803997039795,immune
pseudobulk_149,0.17101520617143143,2.037214517593384,immune
pseudobulk_150,0.17095565248746308,2.1088342666625977,immune
pseudobulk_151,0.17192171199712772,2.0237815380096436,immune
pseudobulk_152,0.16629882610868552,1.962510585784912,immune
pseudobulk_153,0.1719437032588744,2.008453130722046,immune
pseudobulk_154,0.134754333179443,1.2770370244979858,immune
pseudobulk_155,0.1585857977916009,1.7690356969833374,immune
pseudobulk_156,0.15936931050964498,1.5373951196670532,immune
pseudobulk_157,0.1527909240685391,1.7275537252426147,immune
pseudobulk_158,0.1716687557054671,1.875745415687561,immune
pseudobulk_159,0.15225481777451833,1.6257758140563965,immune
pseudobulk_160,0.18603676371276262,1.786905288696289,endothelial
pseudobulk_161,0.178699052892624,1.6195356845855713,endothelial
pseudobulk_162,0.1093059799168249,1.1323617696762085,epithelial
pseudobulk_163,0.1878416653489683,1.7798658609390259,connective
pseudobulk_164,0.17641188821289577,2.162778377532959,connective
pseudobulk_165,0.1513537169666949,1.4850813150405884,connective
pseudobulk_166,0.18798183416947611,1.6905676126480103,muscle
pseudobulk_167,0.1760568615281941,1.6338967084884644,muscle
pseudobulk_168,0.1747043262002979,1.6991220712661743,connective
pseudobulk_169,0.1937818475998923,1.9472934007644653,muscle
pseudobulk_170,0.1919314911356182,1.7274389266967773,connective
pseudobulk_171,0.19573563488665818,2.14099383354187,connective
pseudobulk_172,0.14797155198175332,1.7310312986373901,epithelial
pseudobulk_173,0.1900123608065756,2.087724447250366,connective
pseudobulk_174,0.1787385068600986,2.025315523147583,connective
pseudobulk_175,0.1831678189337244,1.7868843078613281,connective
pseudobulk_176,0.15979655948467403,1.6634801626205444,connective
pseudobulk_177,0.15876450098585201,1.573610782623291,connective
pseudobulk_178,0.1701112388400348,2.1102941036224365,connective
pseudobulk_179,0.1447074708994466,1.5856894254684448,epithelial
pseudobulk_180,0.1749421999556931,2.033541440963745,connective
pseudobulk_181,0.14591888338327272,1.5202932357788086,epithelial
pseudobulk_182,0.1846193239325646,1.6473933458328247,connective
pseudobulk_183,0.19925056223291768,1.8877253532409668,connective
pseudobulk_184,0.1785210735397401,1.512805700302124,connective
pseudobulk_185,0.18423814547713752,1.7051019668579102,connective
pseudobulk_186,0.18436807778198142,1.661010980606079,connective
pseudobulk_187,0.1980058990884558,1.8817006349563599,connective
pseudobulk_188,0.18823904264718158,1.9157962799072266,connective
pseudobulk_189,0.1845201492542388,1.7857667207717896,connective
pseudobulk_190,0.18229268409777308,1.8320515155792236,connective
pseudobulk_191,0.1566167342243704,1.5944676399230957,connective
pseudobulk_192,0.180128574487752,1.8328388929367065,connective
pseudobulk_193,0.18426227290183203,1.7704203128814697,connective
pseudobulk_194,0.1580513586523002,1.8786126375198364,immune
pseudobulk_195,0.1503778452752148,1.7379648685455322,immune
pseudobulk_196,0.1445405298145478,1.6951744556427002,immune
pseudobulk_197,0.1557586045819321,2.05774188041687,immune
pseudobulk_198,0.13856153195956608,1.3718408346176147,immune
pseudobulk_199,0.15936712455004348,1.9248727560043335,immune
pseudobulk_200,0.15242603182559697,1.4776962995529175,immune
pseudobulk_201,0.16276674700202268,1.7601463794708252,immune
pseudobulk_202,0.1461110194322815,1.5980641841888428,immune
pseudobulk_203,0.1607023864053178,1.6215349435806274,immune
pseudobulk_204,0.16466492411836833,1.9836329221725464,immune
pseudobulk_205,0.1448140830616454,1.7765189409255981,immune
pseudobulk_206,0.151409555925055,1.3761382102966309,immune
pseudobulk_207,0.1666377376532172,1.679491400718689,immune
pseudobulk_208,0.153714417305308,1.779563307762146,immune
pseudobulk_209,0.1516064407187504,1.9291515350341797,immune
pseudobulk_210,0.15602761402260398,1.6561501026153564,immune
pseudobulk_211,0.1596501690219146,1.2850874662399292,immune
pseudobulk_212,0.1388527970411802,1.3973190784454346,immune
pseudobulk_213,0.1521692894166326,2.013650417327881,immune
pseudobulk_214,0.14243584166979298,1.1569234132766724,immune
pseudobulk_215,0.15098892361856878,1.6155564785003662,immune
pseudobulk_216,0.1429747386137009,1.396517276763916,immune
pseudobulk_217,0.1501848808256898,1.7652153968811035,immune
pseudobulk_218,0.173915750929153,1.5623608827590942,epithelial
pseudobulk_219,0.1765055606374507,1.7988133430480957,epithelial
pseudobulk_220,0.17345921252854019,1.7496814727783203,epithelial
pseudobulk_221,0.1720205647870884,1.5259541273117065,epithelial
pseudobulk_222,0.1844704539980726,1.916864275932312,epithelial
pseudobulk_223,0.18944149848539238,2.207313060760498,epithelial
pseudobulk_224,0.164208456641062,2.107163906097412,epithelial
pseudobulk_225,0.1550419855630013,2.00053071975708,epithelial
pseudobulk_226,0.17411358421668283,1.9668612480163574,epithelial
pseudobulk_227,0.16928606375586128,1.8470706939697266,epithelial
pseudobulk_228,0.1648145986255245,1.7748831510543823,epithelial
pseudobulk_229,0.1733691549161437,1.7001975774765015,epithelial
pseudobulk_230,0.14774839708115758,1.7436603307724,epithelial
pseudobulk_231,0.1730417193612069,2.107379913330078,epithelial
pseudobulk_232,0.18078158702701233,2.1716842651367188,epithelial
pseudobulk_233,0.1639377890387537,1.6448816061019897,epithelial
pseudobulk_234,0.1649006219813588,1.975350022315979,epithelial
pseudobulk_235,0.1426087619038287,1.509437084197998,epithelial
pseudobulk_236,0.1670965276425694,1.9183789491653442,epithelial
pseudobulk_237,0.1664347646292283,2.1052160263061523,epithelial
pseudobulk_238,0.18016088532749422,1.9866697788238525,epithelial
pseudobulk_239,0.17393388866912432,1.7238863706588745,epithelial
pseudobulk_240,0.17286364373285198,1.6719512939453125,epithelial
pseudobulk_241,0.16139007639139769,2.093724489212036,epithelial
pseudobulk_242,0.1615124928066492,1.9465217590332031,epithelial
pseudobulk_243,0.1628840691409991,1.9701060056686401,epithelial
pseudobulk_244,0.16744595428462938,1.689371109008789,epithelial
pseudobulk_245,0.15548906917683647,1.6794174909591675,epithelial
pseudobulk_246,0.15738327987491993,1.589207410812378,epithelial
pseudobulk_247,0.16205618937965371,1.5700125694274902,epithelial
pseudobulk_248,0.1657929479842995,1.980473279953003,epithelial
pseudobulk_249,0.15645069268066322,1.7147995233535767,epithelial
pseudobulk_250,0.151414456660858,1.343526005744934,epithelial
pseudobulk_251,0.1309910045820279,1.2379026412963867,epithelial
pseudobulk_252,0.1518003777600812,1.4281681776046753,epithelial
pseudobulk_253,0.1346063067903731,1.6523826122283936,macroglial
pseudobulk_254,0.1833666817983601,1.8785414695739746,macroglial
pseudobulk_255,0.16867819160688546,2.0467753410339355,endothelial
pseudobulk_256,0.1795421149581661,1.8009397983551025,macroglial
pseudobulk_257,0.15213859576033306,1.6074438095092773,connective
pseudobulk_258,0.1756218587979663,1.3618165254592896,macroglial
pseudobulk_259,0.1553871675860122,1.7347235679626465,macroglial
pseudobulk_260,0.1475859432248384,1.5836089849472046,macroglial
pseudobulk_261,0.1790666400920587,1.8503050804138184,macroglial
pseudobulk_262,0.1506504453718649,1.5850818157196045,macroglial
pseudobulk_263,0.18576864164788148,1.9003140926361084,pericyte
pseudobulk_264,0.1724939828272897,2.0102052688598633,macroglial
pseudobulk_265,0.1690606041811393,2.0545318126678467,endothelial
pseudobulk_266,0.1627063113264728,1.932037353515625,pericyte
pseudobulk_267,0.1686605977592978,1.4092209339141846,macroglial
pseudobulk_268,0.1726729137590144,1.6085344552993774,endothelial
pseudobulk_269,0.17608493787702048,1.45136559009552,endothelial
pseudobulk_270,0.1509593441151069,1.4502278566360474,connective
pseudobulk_271,0.1846037224167947,1.9087756872177124,macroglial
pseudobulk_272,0.1806536404183122,1.5690133571624756,macroglial
pseudobulk_273,0.1736171731026828,2.138916492462158,endothelial
pseudobulk_274,0.14338940021116148,1.3437755107879639,macroglial
pseudobulk_275,0.11151556725962922,1.561536431312561,neuronal
pseudobulk_276,0.1684335920726868,1.6984025239944458,macroglial
pseudobulk_277,0.1518376203021022,1.6103744506835938,macroglial
pseudobulk_278,0.1750613201875228,1.5380291938781738,macroglial
pseudobulk_279,0.18584767170250288,1.9701000452041626,macroglial
pseudobulk_280,0.1620814985362798,1.703476071357727,endothelial
pseudobulk_281,0.13919584848917887,1.561837077140808,macroglial
pseudobulk_282,0.18045010417699658,1.8214424848556519,macroglial
pseudobulk_283,0.10685306534287403,0.8347265124320984,macroglial
pseudobulk_284,0.09581766631163081,1.6796382665634155,neuronal
pseudobulk_285,0.1359629106009364,0.7695842385292053,macroglial
pseudobulk_286,0.1115270384470922,1.8320621252059937,neuronal
pseudobulk_287,0.1335439722752185,1.751233696937561,macroglial
pseudobulk_288,0.1295359935320436,0.7695842385292053,macroglial
pseudobulk_289,0.1263142402749497,1.9767976999282837,neuronal
pseudobulk_290,0.1608717680210234,1.8360060453414917,endothelial
pseudobulk_291,0.0985329563263795,2.17248272895813,neuronal
pseudobulk_292,0.17051823111250838,1.8434110879898071,macroglial
pseudobulk_293,0.10632666479796071,1.7473772764205933,neuronal
pseudobulk_294,0.1411278003361063,1.4967228174209595,macroglial
pseudobulk_295,0.1316497507505106,0.7309458255767822,endothelial
pseudobulk_296,0.1447326966444949,1.2006945610046387,endothelial
pseudobulk_297,0.1108196274144563,1.6114790439605713,neuronal
pseudobulk_298,0.1709645778173567,1.5928103923797607,macroglial
pseudobulk_299,0.15892992925364421,1.6187125444412231,macroglial
pseudobulk_300,0.1237397948862039,1.3087027072906494,macroglial
pseudobulk_301,0.1429713225224974,1.3271729946136475,pericyte
pseudobulk_302,0.1515857154736285,0.7151384949684143,endothelial
pseudobulk_303,0.118227550643495,1.3539177179336548,macroglial
pseudobulk_304,0.1122946221148582,1.2407304048538208,macroglial
pseudobulk_305,0.13191558042308188,0.7559114694595337,endothelial
pseudobulk_306,0.13276196643710012,1.613072395324707,macroglial
pseudobulk_307,0.11671460774959881,0.9149302244186401,macroglial
pseudobulk_308,0.1591699751443217,1.638501524925232,endothelial
pseudobulk_309,0.145692887017502,1.6206799745559692,macroglial
pseudobulk_310,0.1339985429076467,1.3962808847427368,macroglial
pseudobulk_311,0.1377254714025172,1.5594391822814941,macroglial
pseudobulk_312,0.12299441604409249,1.5442599058151245,macroglial
pseudobulk_313,0.14132092765066673,1.7053682804107666,macroglial
pseudobulk_314,0.160633886582217,1.2335762977600098,endothelial
pseudobulk_315,0.18426503625232607,2.019294500350952,connective
pseudobulk_316,0.1776275455922573,2.076688528060913,immune
pseudobulk_317,0.1659217916894692,1.4689974784851074,endothelial
pseudobulk_318,0.1320826063747506,1.2408279180526733,immune
pseudobulk_319,0.16529772744979598,2.0350141525268555,immune
pseudobulk_320,0.1576150350738302,1.764593243598938,immune
pseudobulk_321,0.1697778741363424,1.7580862045288086,endothelial
pseudobulk_322,0.17611342383315637,1.9896894693374634,immune
pseudobulk_323,0.1712868867325585,2.063159227371216,immune
pseudobulk_324,0.1671530387684459,1.876868724822998,immune
pseudobulk_325,0.1821542832767581,2.0268940925598145,connective
pseudobulk_326,0.1422758917615273,1.5627281665802002,immune
pseudobulk_327,0.18960817926563212,2.1231977939605713,connective
pseudobulk_328,0.15788257040548928,1.9892005920410156,connective
pseudobulk_329,0.1749424044101022,1.9452261924743652,immune
pseudobulk_330,0.1689400406903576,1.7778874635696411,immune
pseudobulk_331,0.1712494251933085,1.7336128950119019,immune
pseudobulk_332,0.1311668867710964,1.2080742120742798,connective
pseudobulk_333,0.1750416743743686,1.9703375101089478,immune
pseudobulk_334,0.1758066800684889,2.007938861846924,immune
pseudobulk_335,0.1287455140263759,1.2574480772018433,immune
pseudobulk_336,0.13054861896671252,1.4492607116699219,immune
pseudobulk_337,0.14605899492744231,1.313181757926941,endothelial
pseudobulk_338,0.1772521269740524,1.7833253145217896,connective
pseudobulk_339,0.16324299722327723,1.8489148616790771,immune
pseudobulk_340,0.16863781667780028,1.725245475769043,endothelial
pseudobulk_341,0.16388368606931059,1.8261581659317017,immune
pseudobulk_342,0.1751588974148022,2.072664260864258,connective
pseudobulk_343,0.1714842267101622,2.0066709518432617,connective
pseudobulk_344,0.1749134985730038,2.18581485748291,connective
pseudobulk_345,0.15771639749436767,1.7298592329025269,immune
pseudobulk_346,0.1468737436807705,1.2826308012008667,immune
pseudobulk_347,0.14715202989464027,1.7240726947784424,immune
pseudobulk_348,0.12169092812109611,1.1434781551361084,immune
pseudobulk_349,0.1242381588326669,1.3778544664382935,immune
pseudobulk_350,0.14150911540491398,1.3384897708892822,immune
pseudobulk_351,0.15053233207436162,1.3810800313949585,endothelial
pseudobulk_352,0.16060548473615088,1.8420183658599854,immune
pseudobulk_353,0.17493693740106991,1.9962266683578491,connective
pseudobulk_354,0.14605302491690847,1.6533479690551758,immune
pseudobulk_355,0.1750807714706744,1.7981188297271729,immune
pseudobulk_356,0.1224666834168589,1.0177167654037476,immune
pseudobulk_357,0.1783025903860096,2.0563042163848877,connective
pseudobulk_358,0.1767096932744595,1.6441421508789062,endothelial
pseudobulk_359,0.1640783885668486,1.7438209056854248,immune
pseudobulk_360,0.1594436016457611,1.7206116914749146,immune
pseudobulk_361,0.15834874348365569,1.9502100944519043,immune
pseudobulk_362,0.17003695294260873,2.165478229522705,connective
pseudobulk_363,0.1633965929795511,1.7414131164550781,immune
pseudobulk_364,0.1504135075374495,1.341540813446045,immune
pseudobulk_365,0.1416786846748427,1.4561201333999634,immune
pseudobulk_366,0.15609336785564537,1.9146580696105957,immune
pseudobulk_367,0.18793924083001792,2.203892469406128,connective
pseudobulk_368,0.15236479451414062,1.518909215927124,endothelial
pseudobulk_369,0.1350734730949613,1.3063658475875854,immune
pseudobulk_370,0.14858504687435822,1.6578855514526367,immune
pseudobulk_371,0.1535364490118797,1.4481861591339111,endothelial
pseudobulk_372,0.11952829326037169,1.40761137008667,immune
pseudobulk_373,0.15374973310099332,1.8402860164642334,immune
pseudobulk_374,0.1680015219608309,1.777298092842102,connective
pseudobulk_375,0.1647531217895437,1.9325201511383057,connective
pseudobulk_376,0.16609270707704013,1.8196189403533936,immune
pseudobulk_377,0.13531141818384518,1.1483744382858276,immune
pseudobulk_378,0.1609831037931131,2.0074687004089355,connective
pseudobulk_379,0.1560859086457628,1.86137056350708,immune
pseudobulk_380,0.13688841240946112,1.4294449090957642,immune
pseudobulk_381,0.15158767520915592,1.738402247428894,immune
pseudobulk_382,0.1391209180874274,1.476383090019226,immune
pseudobulk_383,0.161334663745946,1.9349452257156372,connective
pseudobulk_384,0.1663416051305818,2.0505456924438477,connective
pseudobulk_385,0.14861772989388441,1.755548357963562,immune
pseudobulk_386,0.1284720810945135,1.284910798072815,immune
pseudobulk_387,0.1554562144447107,1.8044342994689941,connective
pseudobulk_388,0.16885362938046328,1.7185661792755127,connective
pseudobulk_389,0.16596349328756207,1.7496052980422974,connective
pseudobulk_390,0.1584839560091484,1.774480938911438,connective
pseudobulk_391,0.1274309480795625,0.4458779990673065,immune
pseudobulk_392,0.1303322123712851,0.7151384949684143,immune
pseudobulk_393,0.1130664841912208,1.1795512437820435,immune
pseudobulk_394,0.1755985129857423,1.6161394119262695,pericyte
pseudobulk_395,0.12215092778205759,0.9878106117248535,immune
pseudobulk_396,0.1601780528435473,1.9261906147003174,connective
pseudobulk_397,0.15979495958890608,1.9435734748840332,connective
pseudobulk_398,0.16127737867645797,1.954221487045288,immune
pseudobulk_399,0.1690084448782714,1.5602691173553467,connective
pseudobulk_400,0.1456279283156608,1.5716354846954346,endothelial
pseudobulk_401,0.14805475989123698,1.3187329769134521,immune
pseudobulk_402,0.17426611174596363,1.8757659196853638,immune
pseudobulk_403,0.16199390377732817,1.7340590953826904,immune
pseudobulk_404,0.1353868486476116,1.3686329126358032,connective
pseudobulk_405,0.14552648489188744,1.6133487224578857,immune
pseudobulk_406,0.148319290135986,1.659389853477478,connective
pseudobulk_407,0.15967680455651012,1.7527133226394653,connective
pseudobulk_408,0.1260295537067566,1.3410390615463257,immune
pseudobulk_409,0.1508775944967045,1.6922663450241089,immune
pseudobulk_410,0.1599523567128911,1.5353742837905884,endothelial
pseudobulk_411,0.1577159371227014,1.8340942859649658,immune
pseudobulk_412,0.16091300337575262,1.892595648765564,connective
pseudobulk_413,0.1528784260153758,1.6579616069793701,connective
pseudobulk_414,0.11820669844746481,0.4458779990673065,immune
pseudobulk_415,0.1458261237712564,1.2767395973205566,endothelial
pseudobulk_416,0.1364063176442858,1.380897879600525,immune
pseudobulk_417,0.12560877668147308,0.9074127674102783,immune
pseudobulk_418,0.11624530161498,1.0936305522918701,immune
pseudobulk_419,0.13228628164506412,1.1026049852371216,immune
pseudobulk_420,0.1472393014701071,1.190903663635254,endothelial
pseudobulk_421,0.1178692359826516,0.4458779990673065,immune
pseudobulk_422,0.12078001868212439,0.6876360774040222,endothelial
pseudobulk_423,0.1105421881075007,0.6611990332603455,immune
pseudobulk_424,0.13436644175089768,1.4112764596939087,immune
pseudobulk_425,0.1463829777057973,1.755745530128479,immune
pseudobulk_426,0.15720389771740748,1.6013402938842773,immune
pseudobulk_427,0.14025667798705269,1.466077446937561,immune
pseudobulk_428,0.1495003940071901,1.3459244966506958,immune
pseudobulk_429,0.1402551893843328,1.3776519298553467,immune
pseudobulk_430,0.1414809389971187,1.3127037286758423,immune
pseudobulk_431,0.14941213745623697,1.5231952667236328,endothelial
pseudobulk_432,0.1386727232020335,1.3811134099960327,immune
pseudobulk_433,0.13836961917695478,1.33773934841156,immune
pseudobulk_434,0.16908047688775568,1.8704733848571777,immune
pseudobulk_435,0.16660316078923532,2.064582109451294,connective
pseudobulk_436,0.1548834500281361,1.6503123044967651,immune
pseudobulk_437,0.1436972548835902,1.7418326139450073,immune
pseudobulk_438,0.167325609771068,1.7914060354232788,immune
pseudobulk_439,0.15840827539068303,1.8118048906326294,immune
pseudobulk_440,0.1388358465192126,1.6270644664764404,immune
pseudobulk_441,0.1281564339296881,1.1186777353286743,endothelial
pseudobulk_442,0.15594059752765918,1.9719808101654053,connective
pseudobulk_443,0.1666573189431791,2.050943374633789,connective
pseudobulk_444,0.15009744255803412,1.5132923126220703,endothelial
pseudobulk_445,0.1608023967128234,1.8925012350082397,connective
pseudobulk_446,0.161433015426154,1.009311556816101,endothelial
pseudobulk_447,0.1405055533541587,1.6429905891418457,immune
pseudobulk_448,0.16133715980686142,2.0897719860076904,connective
pseudobulk_449,0.1069320915266859,1.2879358530044556,immune
pseudobulk_450,0.1627656190685218,1.9582494497299194,immune
pseudobulk_451,0.1399017202202221,1.5992755889892578,immune
pseudobulk_452,0.1604221783345555,2.1155688762664795,immune
pseudobulk_453,0.16620688121474697,2.081331968307495,immune
pseudobulk_454,0.1611654077423725,2.0603160858154297,connective
pseudobulk_455,0.1709408924798468,1.9336830377578735,immune
pseudobulk_456,0.1421160645585347,1.6717900037765503,immune
pseudobulk_457,0.1798663381487117,1.7857036590576172,connective
pseudobulk_458,0.17306173488031942,1.9654977321624756,connective
pseudobulk_459,0.17171457759104558,1.634139895439148,endothelial
pseudobulk_460,0.16651038150302952,1.8783535957336426,endothelial
pseudobulk_461,0.14498737041139861,1.7012752294540405,immune
pseudobulk_462,0.17906450910959243,1.974098801612854,immune
pseudobulk_463,0.13911173457745352,1.6412655115127563,endothelial
pseudobulk_464,0.1646257437532756,1.8025100231170654,connective
pseudobulk_465,0.1534715672023582,1.3347692489624023,endothelial
pseudobulk_466,0.1485200923634681,1.8733718395233154,endothelial
pseudobulk_467,0.1519810615573066,1.514756202697754,endothelial
pseudobulk_468,0.1507792874763245,1.5335723161697388,immune
pseudobulk_469,0.1411171151266887,1.2251228094100952,immune
pseudobulk_470,0.1674039172648906,1.6475528478622437,immune
pseudobulk_471,0.18027641135267802,1.8454676866531372,epithelial
pseudobulk_472,0.1527076096972438,1.6726261377334595,connective
pseudobulk_473,0.17062728456221393,1.7017954587936401,endothelial
pseudobulk_474,0.1533974923659103,1.4780079126358032,connective
pseudobulk_475,0.1693624241161149,1.891622543334961,immune
pseudobulk_476,0.1573926464188831,1.5359681844711304,endothelial
pseudobulk_477,0.1511824656045052,1.3945313692092896,connective
pseudobulk_478,0.15851841645780818,1.6959747076034546,connective
pseudobulk_479,0.17442113510332874,1.850655436515808,endothelial
pseudobulk_480,0.1451278672320756,1.3184736967086792,connective
pseudobulk_481,0.16123764699295728,1.7261477708816528,immune
pseudobulk_482,0.1419895745348171,1.7203147411346436,endothelial
pseudobulk_483,0.1320765031850882,1.6789629459381104,immune
pseudobulk_484,0.15162354812491557,1.4816627502441406,connective
pseudobulk_485,0.13679756107739988,1.6528208255767822,endothelial
pseudobulk_486,0.1543304363149207,1.6242361068725586,connective
pseudobulk_487,0.16528266749810303,1.9529860019683838,epithelial
pseudobulk_488,0.1530346936779085,1.7364776134490967,immune
pseudobulk_489,0.1540758693590746,1.6391005516052246,epithelial
pseudobulk_490,0.1683859252370883,1.8888827562332153,connective
pseudobulk_491,0.1674224668240628,2.0211329460144043,immune
pseudobulk_492,0.1472624308080402,1.9432998895645142,immune
pseudobulk_493,0.1278773823869403,1.0012809038162231,immune
pseudobulk_494,0.1542687562468915,1.7269070148468018,immune
pseudobulk_495,0.16160193005634801,1.7532283067703247,immune
pseudobulk_496,0.1563992322189722,1.7717357873916626,epithelial
pseudobulk_497,0.1661082959035398,1.661613941192627,connective
pseudobulk_498,0.1472106551809694,1.5467655658721924,immune
pseudobulk_499,0.15365640935487931,1.1668944358825684,endothelial
pseudobulk_500,0.13669671141542347,1.3692591190338135,endothelial
pseudobulk_501,0.1513556645368215,1.029627799987793,endothelial
pseudobulk_502,0.1395472803851576,1.5057710409164429,immune
pseudobulk_503,0.1414516556542355,1.2864084243774414,immune
pseudobulk_504,0.16125528456177468,1.7569297552108765,immune
pseudobulk_505,0.1548187287989991,1.1021565198898315,endothelial
pseudobulk_506,0.1344738635671081,1.4053488969802856,immune
pseudobulk_507,0.1703312411264041,2.032787799835205,immune
pseudobulk_508,0.16275736322859172,2.0141446590423584,immune
pseudobulk_509,0.16456608542648482,1.677783727645874,immune
pseudobulk_510,0.164447199204004,1.626765489578247,immune
pseudobulk_511,0.16543953974905762,1.7479827404022217,immune
pseudobulk_512,0.15504607433558554,1.750604271888733,immune
pseudobulk_513,0.16798532562097432,1.53484308719635,immune
pseudobulk_514,0.1641587929625519,1.5308940410614014,immune
pseudobulk_515,0.17088204232277207,1.7944295406341553,immune
pseudobulk_516,0.1630774675868438,1.8548922538757324,immune
pseudobulk_517,0.15556314782588612,1.6918009519577026,immune
pseudobulk_518,0.16230580408591658,1.7807329893112183,immune
pseudobulk_519,0.1604373558075154,1.5798448324203491,immune
pseudobulk_520,0.1581116802699386,1.5838398933410645,immune
pseudobulk_521,0.1302927135257041,1.4219413995742798,immune
pseudobulk_522,0.1477766442985732,1.5179893970489502,immune
pseudobulk_523,0.1635851011669717,1.6238772869110107,immune
pseudobulk_524,0.14292836122694896,1.2798187732696533,immune
pseudobulk_525,0.1557485545199585,1.8040651082992554,immune
pseudobulk_526,0.14162155375015467,1.3720123767852783,immune
pseudobulk_527,0.1457527444727008,1.662329077720642,immune
pseudobulk_528,0.1682510871905821,1.768580436706543,immune
pseudobulk_529,0.13727091293549049,1.4064292907714844,immune
pseudobulk_530,0.1584710818497103,1.5043179988861084,immune
pseudobulk_531,0.14296626419309066,1.3777107000350952,immune
pseudobulk_532,0.14745261285861355,1.5586082935333252,immune
pseudobulk_533,0.14812180597800662,1.4112458229064941,immune
pseudobulk_534,0.1700494285905722,1.9340617656707764,immune
pseudobulk_535,0.1591692170477459,1.892067790031433,immune
pseudobulk_536,0.1661430915119115,1.6999891996383667,immune
pseudobulk_537,0.1468029697425651,0.9556918144226074,immune
pseudobulk_538,0.1664229339803556,1.709944248199463,immune
pseudobulk_539,0.16540156052360422,1.7578822374343872,immune
pseudobulk_540,0.1651634692389038,1.834660291671753,immune
pseudobulk_541,0.17301112366840118,1.700110912322998,immune
pseudobulk_542,0.1718226009106719,1.663170337677002,immune
pseudobulk_543,0.17123667947634982,2.0083611011505127,immune
pseudobulk_544,0.1284908643610823,1.4368534088134766,immune
pseudobulk_545,0.1575397275155397,1.5477983951568604,immune
pseudobulk_546,0.15434021718101482,1.5507205724716187,immune
pseudobulk_547,0.14471907680854082,1.3711289167404175,immune
pseudobulk_548,0.162137676106794,1.7379896640777588,immune
pseudobulk_549,0.15118492499459388,1.6229697465896606,immune
pseudobulk_550,0.148632616037502,1.647081971168518,immune
pseudobulk_551,0.1625177099485872,1.7087528705596924,immune
pseudobulk_552,0.154703729303036,1.7168045043945312,immune
pseudobulk_553,0.1652198149822641,1.2730615139007568,immune
pseudobulk_554,0.16254392167138482,1.4369816780090332,immune
pseudobulk_555,0.15072689659427718,1.3797714710235596,immune
pseudobulk_556,0.1511973344895508,1.3098173141479492,immune
pseudobulk_557,0.1586277829774177,1.6943832635879517,immune
pseudobulk_558,0.158352572470902,1.8863075971603394,immune
pseudobulk_559,0.17000376363284767,1.7529484033584595,immune
pseudobulk_560,0.1464624712680223,1.7714800834655762,immune
pseudobulk_561,0.1551484802039327,1.6536171436309814,immune
pseudobulk_562,0.16936760037424287,1.7513164281845093,immune
pseudobulk_563,0.1463486433203787,1.6057031154632568,immune
pseudobulk_564,0.1657328442379356,1.7877806425094604,immune
pseudobulk_565,0.15002979931887112,1.6681289672851562,immune
pseudobulk_566,0.15323460154468108,1.4583643674850464,immune
pseudobulk_567,0.1350262758787708,1.3351173400878906,immune
pseudobulk_568,0.15197604912100252,1.6248996257781982,immune
pseudobulk_569,0.16221533669158716,1.639557957649231,immune
pseudobulk_570,0.13405223733752683,1.312482476234436,immune
pseudobulk_571,0.1762543283402906,1.8202564716339111,endothelial
pseudobulk_572,0.1847813086351367,2.0448646545410156,epithelial
pseudobulk_573,0.1272611200984087,0.3777240216732025,exocrine
pseudobulk_574,0.1742883853148659,2.0890979766845703,connective
pseudobulk_575,0.1823592009022821,1.9521483182907104,connective
pseudobulk_576,0.16460369886772108,1.5361945629119873,immune
pseudobulk_577,0.17907483258750181,2.02793025970459,epithelial
pseudobulk_578,0.17646353528834782,2.058967113494873,epithelial
pseudobulk_579,0.18036715092603017,1.975897192955017,endothelial
pseudobulk_580,0.121658479562028,0.6876360774040222,endothelial
pseudobulk_581,0.1795133239356789,2.092038631439209,epithelial
pseudobulk_582,0.1789252068847407,2.0817887783050537,epithelial
pseudobulk_583,0.1683508874848472,2.0653815269470215,endocrine
pseudobulk_584,0.1712974697584273,2.1167118549346924,endocrine
pseudobulk_585,0.16187932598404448,2.112999439239502,endocrine
pseudobulk_586,0.16964725439902298,1.8238039016723633,immune
pseudobulk_587,0.1614987379871297,2.1519370079040527,endocrine
pseudobulk_588,0.17149092000909022,2.116781234741211,endocrine
pseudobulk_589,0.1662457133643316,1.8242639303207397,immune
pseudobulk_590,0.1716668561857647,1.8733773231506348,immune
pseudobulk_591,0.147892063396283,1.2570006847381592,immune
pseudobulk_592,0.16445704910438386,1.7941488027572632,epithelial
pseudobulk_593,0.1441514831385563,1.111976146697998,exocrine
pseudobulk_594,0.1717241854639711,2.0817959308624268,endocrine
pseudobulk_595,0.1711601763963688,2.0562539100646973,endocrine
pseudobulk_596,0.17229726014193028,1.971212387084961,endocrine
pseudobulk_597,0.1620384691050265,2.091839551925659,endocrine
pseudobulk_598,0.1563970115967081,1.9514161348342896,endocrine
pseudobulk_599,0.15833656146423772,1.6227203607559204,connective
pseudobulk_600,0.16394178685732091,1.694023847579956,exocrine
pseudobulk_601,0.16463878413196528,1.8477035760879517,epithelial
pseudobulk_602,0.16240318794734643,1.9529439210891724,endocrine
pseudobulk_603,0.1602659455966193,2.0055503845214844,endocrine
pseudobulk_604,0.16341665305662811,1.9332396984100342,endocrine
pseudobulk_605,0.1730447640875342,2.1070945262908936,endocrine
pseudobulk_606,0.16528318892232932,2.0653982162475586,endocrine
pseudobulk_607,0.1579809561371789,1.6771141290664673,exocrine
pseudobulk_608,0.13787253026384727,1.5466951131820679,endothelial
pseudobulk_609,0.07710043910628803,0.78355872631073,macroglial
pseudobulk_610,0.15308235050178948,1.5617936849594116,endothelial
pseudobulk_611,0.1815829812549044,1.6508208513259888,muscle
pseudobulk_612,0.15698905220779,1.8320103883743286,immune
pseudobulk_613,0.16308956535067282,1.403093934059143,muscle
pseudobulk_614,0.15495844208635262,1.6624099016189575,muscle
pseudobulk_615,0.1613316168077277,1.7058120965957642,muscle
pseudobulk_616,0.1598706539953117,1.6912354230880737,muscle
pseudobulk_617,0.1663993611000465,1.7147377729415894,muscle
pseudobulk_618,0.15640807210001959,1.459479570388794,connective
pseudobulk_619,0.1533388514653769,1.6398179531097412,immune
pseudobulk_620,0.1383365629008028,1.524609923362732,immune
pseudobulk_621,0.16832229052670158,1.4761966466903687,muscle
pseudobulk_622,0.17182102997321513,1.6802622079849243,connective
pseudobulk_623,0.1441208012402047,1.6063339710235596,connective
pseudobulk_624,0.16973192431032538,1.6938471794128418,muscle
pseudobulk_625,0.1641475353972042,1.572387933731079,muscle
pseudobulk_626,0.16828656743746148,1.4879413843154907,muscle
pseudobulk_627,0.15714667900465298,1.6589456796646118,muscle
pseudobulk_628,0.15371444134507198,1.4105991125106812,muscle
pseudobulk_629,0.1502456029411395,1.1966910362243652,muscle
pseudobulk_630,0.16390003613196177,1.4275246858596802,muscle
pseudobulk_631,0.1460439764196039,1.3568463325500488,muscle
pseudobulk_632,0.1577195607824238,1.602984070777893,muscle
pseudobulk_633,0.11019116779789191,0.9130392074584961,immune
pseudobulk_634,0.1469160839915264,1.2357292175292969,endothelial
pseudobulk_635,0.118508526487857,1.1576149463653564,immune
pseudobulk_636,0.1463518663949788,1.506870150566101,immune
pseudobulk_637,0.1409004633314895,1.4640311002731323,endothelial
pseudobulk_638,0.1475372128188594,1.515753149986267,endothelial
pseudobulk_639,0.1421400643885125,1.4702799320220947,endothelial
pseudobulk_640,0.14656177279539273,1.508804440498352,endothelial
pseudobulk_641,0.14581853942945489,1.4902583360671997,endothelial
pseudobulk_642,0.1489624573150636,1.5156612396240234,endothelial
pseudobulk_643,0.1487590078031632,1.5313236713409424,endothelial
pseudobulk_644,0.1599331276956931,1.602731466293335,endothelial
pseudobulk_645,0.118279923975932,0.6876360774040222,endothelial
pseudobulk_646,0.16790442657656848,1.4373955726623535,connective
pseudobulk_647,0.13622735609533138,1.191425085067749,endothelial
pseudobulk_648,0.1561631266959001,1.4838799238204956,epithelial
pseudobulk_649,0.17064674373250352,1.9699935913085938,epithelial
pseudobulk_650,0.18864216876681789,1.9370383024215698,connective
pseudobulk_651,0.17373320588376268,2.012608528137207,epithelial
pseudobulk_652,0.17728706495836258,2.1523711681365967,connective
pseudobulk_653,0.1698010638356195,1.7430120706558228,epithelial
pseudobulk_654,0.182081809500231,1.8681015968322754,connective
pseudobulk_655,0.1783772874623528,2.0867702960968018,connective
pseudobulk_656,0.1777533043641582,1.9845069646835327,epithelial
pseudobulk_657,0.15418695623520642,1.5438934564590454,endothelial
pseudobulk_658,0.1779262253548937,2.072012186050415,connective
pseudobulk_659,0.18098895670846,1.8839106559753418,epithelial
pseudobulk_660,0.1481932123424472,1.698611855506897,immune
pseudobulk_661,0.1580623396439465,1.8896135091781616,epithelial
pseudobulk_662,0.16336828144267088,1.3972303867340088,muscle
pseudobulk_663,0.15676886215805882,1.861409306526184,epithelial
pseudobulk_664,0.19102475047111367,1.8335999250411987,connective
pseudobulk_665,0.1776081380667152,1.77672278881073,epithelial
pseudobulk_666,0.17201212176587322,1.761952519416809,epithelial
pseudobulk_667,0.1691608948167402,1.9616421461105347,epithelial
pseudobulk_668,0.16953621734864882,1.8793376684188843,epithelial
pseudobulk_669,0.174950118642299,1.969169020652771,connective
pseudobulk_670,0.1786590742412943,1.9744888544082642,epithelial
pseudobulk_671,0.17323829268570862,1.919144868850708,epithelial
pseudobulk_672,0.16691420227289092,2.0009405612945557,epithelial
pseudobulk_673,0.17421342886518582,1.9383786916732788,connective
pseudobulk_674,0.1938342687208191,1.7173569202423096,connective
pseudobulk_675,0.16286345978733,1.7067115306854248,epithelial
pseudobulk_676,0.14887879788875422,1.5303763151168823,connective
pseudobulk_677,0.1621723325224581,1.52937650680542,connective
pseudobulk_678,0.15160171769093583,1.5290013551712036,endothelial
pseudobulk_679,0.18195371713954822,1.7169547080993652,connective
pseudobulk_680,0.1767911084461943,1.5320953130722046,connective
pseudobulk_681,0.17291024955920728,1.8724702596664429,epithelial
pseudobulk_682,0.17236730083823068,1.538494348526001,connective
pseudobulk_683,0.17630729347001636,1.8380271196365356,epithelial
pseudobulk_684,0.1879765982739614,1.7297213077545166,epithelial
pseudobulk_685,0.1871101105352851,1.666864037513733,connective
pseudobulk_686,0.18307156872469812,2.123486042022705,epithelial
pseudobulk_687,0.1849317019805301,2.0858991146087646,epithelial
pseudobulk_688,0.18063562549650553,1.846909523010254,epithelial
pseudobulk_689,0.1809441072400649,1.965498447418213,epithelial
pseudobulk_690,0.17894155287649355,2.088474750518799,epithelial
pseudobulk_691,0.18180978612508503,1.7940176725387573,epithelial
pseudobulk_692,0.18456344364676477,1.9211426973342896,epithelial
pseudobulk_693,0.1791236927965643,1.956567406654358,connective
pseudobulk_694,0.18738661915995028,1.67618727684021,connective
pseudobulk_695,0.18120480072684442,2.0167081356048584,epithelial
pseudobulk_696,0.17595898685976719,1.5751014947891235,connective
pseudobulk_697,0.17385434370953473,1.9146279096603394,epithelial
pseudobulk_698,0.1783704255940381,1.636102557182312,connective
pseudobulk_699,0.1750957340700542,1.9187233448028564,epithelial
pseudobulk_700,0.18547020689584173,1.668859601020813,muscle
pseudobulk_701,0.1512099052779363,1.6831398010253906,connective
pseudobulk_702,0.1634773195110015,1.6945945024490356,immune
pseudobulk_703,0.1944387056864788,1.8533329963684082,muscle
pseudobulk_704,0.19694020610768243,1.9611973762512207,muscle
pseudobulk_705,0.1989553450839579,1.792325735092163,muscle
pseudobulk_706,0.18474706530105223,1.8970814943313599,connective
pseudobulk_707,0.19672745512798287,2.0059902667999268,muscle
pseudobulk_708,0.1822926233289749,1.7083489894866943,muscle
pseudobulk_709,0.20025569922290606,2.056396722793579,muscle
pseudobulk_710,0.1870183817809434,1.8028383255004883,muscle
pseudobulk_711,0.1318443121854206,1.0753954648971558,immune
pseudobulk_712,0.1709099769359444,1.5968092679977417,connective
pseudobulk_713,0.1712574496632428,1.6642976999282837,muscle
pseudobulk_714,0.1762557991314668,1.9794304370880127,connective
pseudobulk_715,0.15078267076751112,1.3832982778549194,muscle
pseudobulk_716,0.15728621382731792,1.6277801990509033,connective
pseudobulk_717,0.1641487509477869,1.6416441202163696,connective
pseudobulk_718,0.1693664115155103,1.7070355415344238,muscle
pseudobulk_719,0.163646077562588,1.5715183019638062,muscle
pseudobulk_720,0.1514013194246204,1.6439560651779175,connective
pseudobulk_721,0.1532996813766645,1.659824013710022,connective
pseudobulk_722,0.176737707457504,1.7212982177734375,endothelial
pseudobulk_723,0.1453264749143261,1.4483141899108887,endothelial
pseudobulk_724,0.1171631664619767,1.2880092859268188,immune
pseudobulk_725,0.18310259724967037,1.5984816551208496,muscle
pseudobulk_726,0.16554198393714512,1.798207402229309,immune
pseudobulk_727,0.1614805303979651,1.5277515649795532,muscle
pseudobulk_728,0.19073924480471618,1.7803966999053955,muscle
pseudobulk_729,0.17426532017998297,2.011542320251465,connective
pseudobulk_730,0.15745887081720758,1.8687012195587158,immune
pseudobulk_731,0.1537524344603288,1.8321475982666016,immune
pseudobulk_732,0.15578231867402648,1.6281729936599731,endothelial
pseudobulk_733,0.17861705797258629,1.9300092458724976,endothelial
pseudobulk_734,0.16409712156746423,1.7958524227142334,endothelial
pseudobulk_735,0.18879018875304474,2.1129202842712402,connective
pseudobulk_736,0.1916004351805885,2.147019863128662,connective
pseudobulk_737,0.1264442529645737,1.1849464178085327,endothelial
pseudobulk_738,0.15853401599451772,1.6611504554748535,connective
pseudobulk_739,0.1809694592375296,1.8003450632095337,endothelial
pseudobulk_740,0.1815980544779437,2.133659601211548,connective
pseudobulk_741,0.172497555846347,1.7656631469726562,connective
pseudobulk_742,0.16909050662070402,2.0778720378875732,immune
pseudobulk_743,0.1620467577595253,1.8294222354888916,immune
pseudobulk_744,0.1648869629570968,1.824331283569336,immune
pseudobulk_745,0.14032378076808388,1.5044225454330444,endothelial
pseudobulk_746,0.1212059859535647,1.4069474935531616,connective
pseudobulk_747,0.180668641347437,1.7295359373092651,endothelial
pseudobulk_748,0.1638114167144512,1.939317226409912,immune
pseudobulk_749,0.162817733827977,1.4626221656799316,endothelial
pseudobulk_750,0.1881255042972032,2.1336681842803955,connective
pseudobulk_751,0.1778634536312878,2.062305450439453,connective
pseudobulk_752,0.1193505550836549,1.4312491416931152,connective
pseudobulk_753,0.12270455318502971,1.148114800453186,endothelial
pseudobulk_754,0.14618104742839821,1.7124881744384766,connective
pseudobulk_755,0.1791560732526693,1.904969573020935,endothelial
pseudobulk_756,0.14649706508498522,1.6997965574264526,connective
pseudobulk_757,0.17969307687599112,1.7338616847991943,endothelial
pseudobulk_758,0.1709542847966065,1.8754944801330566,immune
pseudobulk_759,0.1608004545560095,1.6670247316360474,connective
pseudobulk_760,0.16740888240747048,1.760157823562622,endothelial
pseudobulk_761,0.1799694629153222,1.8637871742248535,endothelial
pseudobulk_762,0.14183222624706,1.3080083131790161,endothelial
pseudobulk_763,0.1229280257248307,0.6876360774040222,endothelial
pseudobulk_764,0.15807878260966268,1.8612687587738037,connective
pseudobulk_765,0.17468495550565302,1.921985387802124,connective
pseudobulk_766,0.1695077548502004,1.7886630296707153,connective
pseudobulk_767,0.1792493908433233,1.8785346746444702,connective
pseudobulk_768,0.1739616722334165,1.2837533950805664,endothelial
pseudobulk_769,0.1809046854032191,2.1487390995025635,connective
pseudobulk_770,0.17170411080587547,1.9000211954116821,connective
pseudobulk_771,0.1340993073536069,1.5265763998031616,connective
pseudobulk_772,0.1828149539651337,2.0831756591796875,connective
pseudobulk_773,0.1633901206951108,1.7983429431915283,immune
pseudobulk_774,0.16709436004748457,1.654796838760376,immune
pseudobulk_775,0.17077018029522018,1.8018317222595215,connective
pseudobulk_776,0.1648653419688332,1.8953101634979248,connective
pseudobulk_777,0.16568475367966912,1.8216938972473145,connective
pseudobulk_778,0.1545848960522549,1.8187544345855713,connective
pseudobulk_779,0.1564521023537952,1.7578675746917725,connective
pseudobulk_780,0.16073843973572252,1.9172080755233765,immune
pseudobulk_781,0.14328125148313012,1.093178629875183,endothelial
pseudobulk_782,0.1777935671852891,1.6763557195663452,endothelial
pseudobulk_783,0.14602619025390468,1.6915147304534912,connective
pseudobulk_784,0.1569630644517009,1.9288891553878784,connective
pseudobulk_785,0.1615198923973355,1.5647358894348145,endothelial
pseudobulk_786,0.1576085869455698,1.613282561302185,endothelial
pseudobulk_787,0.1468576202169048,1.3969852924346924,endothelial
pseudobulk_788,0.12596943322569018,1.4060335159301758,endothelial
pseudobulk_789,0.1545544865075487,1.8448415994644165,connective
pseudobulk_790,0.1602743512485163,1.8784160614013672,connective
pseudobulk_791,0.1564075946807849,1.5603231191635132,endothelial
pseudobulk_792,0.1188161466270672,0.6876360774040222,endothelial
pseudobulk_793,0.1487512681633221,1.0980761051177979,endothelial
pseudobulk_794,0.17300717614125322,1.9775794744491577,connective
pseudobulk_795,0.1601510406471777,1.46274733543396,endothelial
pseudobulk_796,0.1557209709426376,1.7953273057937622,connective
pseudobulk_797,0.17357742373132962,1.934341311454773,immune
pseudobulk_798,0.1610698972363011,1.6930513381958008,connective
pseudobulk_799,0.0995143731124688,0.7011664509773254,connective
pseudobulk_800,0.1550539169693353,1.8156366348266602,connective
pseudobulk_801,0.16832454706309252,1.9199093580245972,immune
pseudobulk_802,0.1481754184933366,1.8596506118774414,connective
pseudobulk_803,0.17488592932931962,1.4105702638626099,pericyte
pseudobulk_804,0.1420946069993066,1.69933021068573,connective
pseudobulk_805,0.14570535346865532,1.6583837270736694,connective
pseudobulk_806,0.158805311570176,1.9733483791351318,immune
pseudobulk_807,0.1444342680624671,1.6072393655776978,connective
pseudobulk_808,0.1368375840829674,1.2688767910003662,connective
pseudobulk_809,0.13923866732511528,1.680245280265808,connective
pseudobulk_810,0.14592376396467352,1.6626783609390259,immune
pseudobulk_811,0.128739121239049,1.1186777353286743,endothelial
pseudobulk_812,0.15285263134864963,1.2433218955993652,endothelial
pseudobulk_813,0.1595165219623585,1.4329499006271362,endothelial
pseudobulk_814,0.1394870424119278,1.535750389099121,endothelial
pseudobulk_815,0.15896674466784919,1.3750579357147217,endothelial
pseudobulk_816,0.16386357031296853,1.7445793151855469,connective
pseudobulk_817,0.1366969241062165,1.576183795928955,connective
pseudobulk_818,0.15552902198396498,1.7156810760498047,endothelial
pseudobulk_819,0.1377231118385669,1.4032033681869507,immune
pseudobulk_820,0.12159727343532598,1.304417610168457,connective
pseudobulk_821,0.1619658712297665,1.9754685163497925,connective
pseudobulk_822,0.16913456690963227,1.9433866739273071,connective
pseudobulk_823,0.1543793539749445,1.5064976215362549,endothelial
pseudobulk_824,0.1761486490140654,1.5771149396896362,pericyte
pseudobulk_825,0.1508124148240301,1.2823460102081299,endothelial
pseudobulk_826,0.1495077596046017,1.6771787405014038,connective
pseudobulk_827,0.15709050127770643,1.779545783996582,connective
pseudobulk_828,0.1078467357438048,1.0194997787475586,connective
pseudobulk_829,0.16391137678874548,1.8022722005844116,immune
pseudobulk_830,0.1581601907964785,1.6187288761138916,connective
pseudobulk_831,0.1470367557485578,1.5993289947509766,connective
pseudobulk_832,0.1436388072324904,1.6011600494384766,connective
pseudobulk_833,0.145848857820964,1.540941596031189,connective
pseudobulk_834,0.1597306425683188,1.6074223518371582,connective
pseudobulk_835,0.1330135249299914,1.2878992557525635,endothelial
pseudobulk_836,0.1524126372532909,1.6358625888824463,connective
pseudobulk_837,0.134682834614067,0.7728534936904907,endothelial
pseudobulk_838,0.14588209369685382,1.3300867080688477,endothelial
pseudobulk_839,0.1241437217686311,1.1852473020553589,endothelial
pseudobulk_840,0.1257852349663143,1.21299147605896,endothelial
pseudobulk_841,0.1557334117824197,1.5209239721298218,connective
pseudobulk_842,0.12038600287632871,1.2937395572662354,connective
pseudobulk_843,0.13473684786003892,1.4850713014602661,endothelial
pseudobulk_844,0.14894536626525068,1.1457386016845703,endothelial
pseudobulk_845,0.14071749802678712,1.4758329391479492,endothelial
pseudobulk_846,0.1627475254936131,1.9979790449142456,muscle
pseudobulk_847,0.16358499164925788,2.023364543914795,muscle
pseudobulk_848,0.1305572807614212,1.583117127418518,epithelial
pseudobulk_849,0.1545732208178367,1.6833500862121582,epithelial
pseudobulk_850,0.15943076483381288,1.9676995277404785,epithelial
pseudobulk_851,0.1651046044426026,2.2003097534179688,epithelial
pseudobulk_852,0.16025855898624192,2.104463815689087,epithelial
pseudobulk_853,0.1451671113027248,1.8414965867996216,endocrine
pseudobulk_854,0.14574921294115362,1.8147852420806885,immune
pseudobulk_855,0.12139691028278178,1.008353590965271,epithelial
pseudobulk_856,0.16648842132417352,2.0724079608917236,epithelial
pseudobulk_857,0.1415866157622064,1.863904356956482,epithelial
pseudobulk_858,0.16867338342126328,2.105741262435913,epithelial
pseudobulk_859,0.161634821924962,2.0234439373016357,epithelial
pseudobulk_860,0.15952719021879488,2.034663677215576,epithelial
pseudobulk_861,0.1422004539053874,1.6638675928115845,epithelial
pseudobulk_862,0.1070142251555796,0.9372866749763489,epithelial
pseudobulk_863,0.1337010566785456,1.5889843702316284,epithelial
pseudobulk_864,0.13253856211667742,1.555234432220459,epithelial
pseudobulk_865,0.13393521553370968,1.7625609636306763,endocrine
pseudobulk_866,0.13281319907400618,1.2449886798858643,epithelial
pseudobulk_867,0.16215234791161368,2.0377726554870605,epithelial
pseudobulk_868,0.12220219353912291,1.3901422023773193,epithelial
pseudobulk_869,0.1237041199638029,1.4998430013656616,epithelial
pseudobulk_870,0.1360161433694869,1.3568084239959717,epithelial
pseudobulk_871,0.1441423028300037,1.6203196048736572,epithelial
pseudobulk_872,0.16505274413793708,1.9518805742263794,epithelial
pseudobulk_873,0.1585469766796436,1.7272464036941528,epithelial
pseudobulk_874,0.12600920721888398,1.479857087135315,epithelial
pseudobulk_875,0.1609959676134153,1.7040561437606812,epithelial
pseudobulk_876,0.13775721027195592,1.7321445941925049,epithelial
pseudobulk_877,0.15874674261431077,1.9091671705245972,epithelial
pseudobulk_878,0.1314925145998119,1.5822314023971558,epithelial
pseudobulk_879,0.16301477613160256,2.042379856109619,epithelial
pseudobulk_880,0.1730004082783113,2.073660135269165,epithelial
pseudobulk_881,0.1654211783315972,2.0115714073181152,epithelial
pseudobulk_882,0.1701116483891369,1.2355570793151855,endothelial
pseudobulk_883,0.1420880007499351,1.513717532157898,epithelial
pseudobulk_884,0.128184787929057,0.0,epithelial
pseudobulk_885,0.13088599633192508,0.8143448829650879,epithelial
pseudobulk_886,0.16031008271966032,1.7887197732925415,immune
pseudobulk_887,0.172773767029865,1.8757299184799194,immune
pseudobulk_888,0.1648761424585233,1.7553179264068604,immune
pseudobulk_889,0.11542391698458132,1.1225619316101074,epithelial
pseudobulk_890,0.14605038752779262,1.5097978115081787,connective
pseudobulk_891,0.1168695460073639,1.0475491285324097,endothelial
pseudobulk_892,0.148791212122886,1.5667119026184082,endothelial
pseudobulk_893,0.12063849015248579,0.7624903917312622,epithelial
pseudobulk_894,0.1477978359325778,1.5310312509536743,immune
pseudobulk_895,0.16003932207240582,1.877943992614746,immune
pseudobulk_896,0.1474352154327778,1.7510676383972168,immune
pseudobulk_897,0.15532281529158257,1.8216900825500488,immune
pseudobulk_898,0.1421271874569346,1.553907871246338,immune
pseudobulk_899,0.156047961965668,1.7462767362594604,immune
pseudobulk_900,0.1305498870788132,1.314195990562439,immune
pseudobulk_901,0.15045946440659347,1.637056589126587,immune
pseudobulk_902,0.14909147533035014,1.6559336185455322,immune
pseudobulk_903,0.13234914196072972,1.3910048007965088,immune
pseudobulk_904,0.1613004710379743,2.0118672847747803,immune
pseudobulk_905,0.1413531817961468,1.7004743814468384,immune
pseudobulk_906,0.14680807187687503,1.5729771852493286,immune
pseudobulk_907,0.15472434260300238,1.4139024019241333,immune
pseudobulk_908,0.1383988923989805,1.6665524244308472,immune
pseudobulk_909,0.13454433932201798,1.5763088464736938,immune
pseudobulk_910,0.14853589847916612,1.721786379814148,immune
pseudobulk_911,0.1531758988276112,1.793743371963501,immune
pseudobulk_912,0.15733738703420266,1.9738264083862305,immune
pseudobulk_913,0.1382504797074931,1.3549484014511108,immune
pseudobulk_914,0.1608447904000048,1.5237544775009155,immune
pseudobulk_915,0.1538002380984825,1.5023317337036133,immune
pseudobulk_916,0.1310637767237485,1.0066001415252686,immune
pseudobulk_917,0.1340934023610307,0.8116178512573242,immune
pseudobulk_918,0.13077242874714912,1.0335489511489868,immune
pseudobulk_919,0.15208878525299838,1.5625026226043701,immune
pseudobulk_920,0.1476083363950225,1.5890158414840698,immune
pseudobulk_921,0.1479275809833771,1.4195904731750488,immune
pseudobulk_922,0.1281399166473411,1.1665579080581665,immune
pseudobulk_923,0.13952926028286908,1.4469540119171143,immune
pseudobulk_924,0.1447724807949262,1.3314366340637207,immune
pseudobulk_925,0.1436256839806437,1.2043131589889526,immune
pseudobulk_926,0.13043538563942877,1.3539772033691406,immune
pseudobulk_927,0.1532294083153815,1.600697636604309,immune
pseudobulk_928,0.14503127610077987,1.572360634803772,immune
pseudobulk_929,0.1430148628714949,1.3538676500320435,immune
pseudobulk_930,0.1324479526083441,1.046785831451416,immune
pseudobulk_931,0.1378669842379153,1.3501781225204468,immune
pseudobulk_932,0.1498860450228665,1.7050273418426514,immune
pseudobulk_933,0.1352707296027792,1.2985122203826904,immune
pseudobulk_934,0.1468976067262688,1.4096882343292236,immune
pseudobulk_935,0.1590008900966485,1.8133320808410645,immune
pseudobulk_936,0.1277859925758083,1.3400218486785889,immune
pseudobulk_937,0.12976557301590097,1.3025392293930054,immune
pseudobulk_938,0.1416589425643893,1.3444983959197998,immune
pseudobulk_939,0.1110524380783306,1.1537922620773315,immune
pseudobulk_940,0.1226532168220716,1.1008391380310059,immune
pseudobulk_941,0.148357287311227,1.5611311197280884,immune
pseudobulk_942,0.1493484395032273,1.6665040254592896,immune
pseudobulk_943,0.1414297315641298,1.6226507425308228,immune
pseudobulk_944,0.11060873663518479,0.9717864394187927,immune
pseudobulk_945,0.14655458816559883,1.4689491987228394,immune
pseudobulk_946,0.1457966143498188,1.7058618068695068,immune
pseudobulk_947,0.13656626775627828,1.4523301124572754,immune
pseudobulk_948,0.13075101491995028,1.6968258619308472,connective
pseudobulk_949,0.1366594337159756,1.6862848997116089,connective
pseudobulk_950,0.17842446209397061,1.8579809665679932,connective
pseudobulk_951,0.1830968138528977,1.997365951538086,epithelial
pseudobulk_952,0.1825114921666673,2.0750303268432617,epithelial
pseudobulk_953,0.1809136868687334,2.003753662109375,epithelial
pseudobulk_954,0.17802989296615002,1.947210669517517,epithelial
pseudobulk_955,0.17940340714994701,1.899635672569275,connective
pseudobulk_956,0.17253739887382719,1.8568531274795532,connective
pseudobulk_957,0.1776389436563462,2.0574142932891846,connective
pseudobulk_958,0.1777863980969403,2.0679233074188232,epithelial
pseudobulk_959,0.1563066118396803,1.6950554847717285,connective
pseudobulk_960,0.16979099274612838,1.7710397243499756,epithelial
pseudobulk_961,0.15635635261423783,1.586491346359253,connective
pseudobulk_962,0.1646868932293719,1.834984302520752,epithelial
pseudobulk_963,0.17251852608751383,1.7703688144683838,epithelial
pseudobulk_964,0.1618516765302033,1.7472590208053589,epithelial
pseudobulk_965,0.1002113814174649,0.22869470715522766,macroglial
pseudobulk_966,0.1627579978667187,1.855029582977295,epithelial
pseudobulk_967,0.18672342807985728,2.1490464210510254,epithelial
pseudobulk_968,0.176939327036961,2.108438730239868,epithelial
pseudobulk_969,0.1737401920836407,1.9441477060317993,epithelial
pseudobulk_970,0.1873174367938178,2.081666946411133,epithelial
pseudobulk_971,0.17074931506067378,1.77321195602417,epithelial
pseudobulk_972,0.15700448304414644,1.5266419649124146,epithelial
pseudobulk_973,0.18710984359495209,2.0944674015045166,epithelial
pseudobulk_974,0.1899217242607833,2.0482828617095947,epithelial
pseudobulk_975,0.1764800443779663,1.996150016784668,epithelial
pseudobulk_976,0.16944164456799507,1.9626542329788208,epithelial
pseudobulk_977,0.1700842877617092,2.150420904159546,epithelial
pseudobulk_978,0.19042267778422578,2.100959300994873,epithelial
pseudobulk_979,0.1669822389958416,2.1600863933563232,epithelial
pseudobulk_980,0.17154336487874258,1.955435037612915,epithelial
pseudobulk_981,0.1344196576392265,1.5117154121398926,endothelial
pseudobulk_982,0.1708613311639043,1.9441933631896973,immune
pseudobulk_983,0.13896859015221613,1.071980357170105,immune
pseudobulk_984,0.1460732256819015,0.9556918144226074,immune
pseudobulk_985,0.1370127779664459,1.5563284158706665,endothelial
pseudobulk_986,0.1724714519223186,1.769668459892273,endothelial
pseudobulk_987,0.14241026772651688,1.578389286994934,immune
pseudobulk_988,0.1585006407694876,1.7232344150543213,endothelial
pseudobulk_989,0.16310125055315328,1.780136227607727,immune
pseudobulk_990,0.1450763608081604,1.588975191116333,immune
pseudobulk_991,0.161539162043481,1.5953203439712524,endothelial
pseudobulk_992,0.1618854749249282,1.6119444370269775,endothelial
pseudobulk_993,0.1404153147886962,1.6249808073043823,epithelial
pseudobulk_994,0.16423657268751302,1.9738714694976807,epithelial
pseudobulk_995,0.16597134555922718,2.2323856353759766,epithelial
pseudobulk_996,0.163119781296699,2.030552387237549,epithelial
pseudobulk_997,0.1563749205379269,1.9273689985275269,epithelial
pseudobulk_998,0.16577161152963393,2.224912405014038,epithelial
pseudobulk_999,0.16941686927748248,2.1107728481292725,epithelial
