,pseudobulk_0,pseudobulk_1,pseudobulk_2,pseudobulk_3,pseudobulk_4,pseudobulk_5,pseudobulk_6,pseudobulk_7,pseudobulk_8,pseudobulk_9,pseudobulk_10,pseudobulk_11,pseudobulk_12,pseudobulk_13,pseudobulk_14,pseudobulk_15,pseudobulk_16,pseudobulk_17,pseudobulk_18,pseudobulk_19,pseudobulk_20,pseudobulk_21,pseudobulk_22,pseudobulk_23,pseudobulk_24,pseudobulk_25,pseudobulk_26,pseudobulk_27,pseudobulk_28,pseudobulk_29,pseudobulk_30,pseudobulk_31,pseudobulk_32,pseudobulk_33,pseudobulk_34,pseudobulk_35,pseudobulk_36,pseudobulk_37,pseudobulk_38,pseudobulk_39,pseudobulk_40,pseudobulk_41,pseudobulk_42,pseudobulk_43,pseudobulk_44,pseudobulk_45,pseudobulk_46,pseudobulk_47,pseudobulk_48,pseudobulk_49,pseudobulk_50,pseudobulk_51,pseudobulk_52,pseudobulk_53,pseudobulk_54,pseudobulk_55,pseudobulk_56,pseudobulk_57,pseudobulk_58,pseudobulk_59,pseudobulk_60,pseudobulk_61,pseudobulk_62,pseudobulk_63,pseudobulk_64,pseudobulk_65,pseudobulk_66,pseudobulk_67,pseudobulk_68,pseudobulk_69,pseudobulk_70,pseudobulk_71,pseudobulk_72,pseudobulk_73,pseudobulk_74,pseudobulk_75,pseudobulk_76,pseudobulk_77,pseudobulk_78,pseudobulk_79,pseudobulk_80,pseudobulk_81,pseudobulk_82,pseudobulk_83,pseudobulk_84,pseudobulk_85,pseudobulk_86,pseudobulk_87,pseudobulk_88,pseudobulk_89,pseudobulk_90,pseudobulk_91,pseudobulk_92,pseudobulk_93,pseudobulk_94,pseudobulk_95,pseudobulk_96,pseudobulk_97,pseudobulk_98,pseudobulk_99
Ebox/CATATG:bHLH,0.0644681136473082,0.05575484590372071,0.08382452698424459,0.05616899055894464,0.05670814594486728,0.05771069775801152,0.06368108064634725,0.05632013361901045,0.04721189776319079,0.0715016292524524,0.029629800133989193,0.06579217949183658,0.07321749866241589,0.07659607252571732,0.059386215230915695,0.06504034966928884,0.06135279516456649,0.049689062871038914,0.06912729516625404,0.06607377773616463,0.05573915928835049,0.05829530622577295,0.07378286475432105,0.048659704509191215,0.059006071533076465,0.05769888072973117,0.0632321938755922,0.06376394495600834,0.06389686011243612,0.06279956956859678,0.060890480322996154,0.05041825459920801,0.0479817820887547,0.05843275017105043,0.05196372221689671,0.05812544369837269,0.05589108413551003,0.058031769178342074,0.05765635671559721,0.07939234934747219,0.07630970294121653,0.04416426157695241,0.05329475097823888,0.06730040983529761,0.06333087210077792,0.06931995652848855,0.07191812340170145,0.06564916693605483,0.0618135534459725,0.053840052627492696,0.06506219727452844,0.058056347246747464,0.07445696182549,0.05591747135622427,0.06916290568187833,0.07480854960158467,0.06484765111235902,0.057004305301234126,0.06511809845687822,0.05545176600571722,0.05950011871755123,0.05810265592299402,0.06903128541307524,0.06546589254867285,0.05708266072906554,0.0717710206808988,0.045910453249234706,0.054890989151317626,0.07288295537000522,0.056105617550201714,0.07088631630176678,0.057603309280239046,0.06413753260858357,0.06496472278377041,0.05592368094949052,0.0632884104270488,0.05722680507460609,0.048386561509687454,0.06961033999687061,0.061705447849817574,0.06737409037305042,0.056166638736613095,0.05965263082180172,0.07565303868614137,0.06771980272606015,0.06690199673175812,0.06481242761947215,0.060770281648728997,0.07453396683558822,0.06998139363713562,0.0666102902032435,0.05678735236870125,0.07298120425548404,0.05947455106070265,0.07093083852669224,0.06165783613687381,0.05763654055772349,0.06329727760748938,0.06752152257831767,0.07221767003647983
MEF2:MADS,0.21392014203593135,0.19520083290990442,0.210100382915698,0.19519950880203396,0.20722618186846375,0.176629975263495,0.1862675357842818,0.1652586444397457,0.19014452828560024,0.21431881038006395,0.16419871023390442,0.18135528615675867,0.2479012431576848,0.2025984381325543,0.1993784321239218,0.21540788665879518,0.22012413828633726,0.1792735445778817,0.21280962997116148,0.1892706227954477,0.18317482364363968,0.1958794022211805,0.20343302062246948,0.17794409551424906,0.18217481870669872,0.1759421630995348,0.2295296349329874,0.187435221276246,0.21070626250002533,0.19250815431587398,0.20390938769560307,0.20320318278390914,0.1898943877313286,0.22425874433247373,0.19171426014509052,0.23204846470616758,0.18422238831408322,0.18347753077978268,0.1755260027712211,0.2300907880999148,0.22630029602441937,0.1684371456503868,0.19246461323928088,0.2144545796327293,0.17182241997215897,0.25572096288669854,0.21475944539997727,0.19851011142600328,0.20311174064408988,0.16772280854638666,0.2110936043318361,0.20432308863382787,0.1837076124502346,0.19995833630673587,0.20666636212263256,0.19460188131779432,0.1991463383892551,0.19334163493476808,0.20390150684397668,0.20551400887779891,0.1737995222210884,0.19189981697127223,0.20061056275153533,0.18682542047463357,0.21499954408500344,0.1903907754458487,0.18331741343718022,0.18204123951727524,0.18810118036344647,0.18895412713754922,0.2147917425027117,0.168983559939079,0.19767477840650827,0.20536629983689636,0.18416674598120153,0.20944961858913302,0.20856958511285484,0.18142480647657067,0.2241518251830712,0.21390245406655595,0.17725670925574377,0.1817405562615022,0.19482707465067506,0.20536946272477508,0.21813348995056003,0.211196034331806,0.22004156466573477,0.17343217541929334,0.19780854356940836,0.22818384802667424,0.2058338492643088,0.17547497851774096,0.20653266657609493,0.1855969262542203,0.23379038367420435,0.18348121002782136,0.18945071275811642,0.21225556335411966,0.21214038343168795,0.2238776603480801
CREB/ATF/1:bZIP,0.09557614825462224,0.10919719776575221,0.11016040735376009,0.10583418667738442,0.09830449353466975,0.07932426345723798,0.08426106815022649,0.0855039056023088,0.08435842343169497,0.1137347031981335,0.09552238491960452,0.0948711413257115,0.09980254321999382,0.08946628909689025,0.10966208647732856,0.0980556640715804,0.10554516399133718,0.07427332163751998,0.10300280617593671,0.09360114621813409,0.10061068337381585,0.08752254978935525,0.10361576859941124,0.08825480471386982,0.08029407456160698,0.0761366799561074,0.10856500976296957,0.08438887584634358,0.1022530248574185,0.1068318194738822,0.09812744597184064,0.08640645963168936,0.09399872394351405,0.11025606462862925,0.06951430211120169,0.11333265853318153,0.08305911977731739,0.08675127954302297,0.0781741217324452,0.10478799876000267,0.08528692157415207,0.0961658013111446,0.09530531937161868,0.10467459862411488,0.0772056927162339,0.11377359945254284,0.0997570106992498,0.08984229886846151,0.10444552099579596,0.07568580430597649,0.08471242622545105,0.1036378905937454,0.07498121428761806,0.0989776242422522,0.09704059779869567,0.08622119227584335,0.09404528945560742,0.08797646454695496,0.10369716641434934,0.09728616706343018,0.10445827014700626,0.0985837315020035,0.07671134903830534,0.08636907308573427,0.07795822015759768,0.0913366648783267,0.09386179826196894,0.08884530982322758,0.08515945281033055,0.0750567828235944,0.09665617088285217,0.06940491950081196,0.0864047978175222,0.09890354235176346,0.09671864788106177,0.09825777701917104,0.09739032888683141,0.08864761295444623,0.10735552307232865,0.10800564186138217,0.07790619267507282,0.07652132214934682,0.07734098454966443,0.082521364238346,0.09609735943740816,0.10344398456436465,0.09152689626353094,0.08658064067640225,0.08910479857695464,0.11197438823364791,0.10987684105566586,0.09844289192187716,0.09354685109792626,0.08644708886140506,0.08763255333542475,0.07643204576743301,0.10129763635632116,0.1127369591522438,0.09032278725680953,0.11247184550302336
RFX/2:RFX,0.02028210140997544,0.020055611501447856,0.022550084453541785,0.0196792250208091,0.020824694162001833,0.02363584330305457,0.021184706332860515,0.019453752785921097,0.02027862408431247,0.021830090874573216,0.020819137222133577,0.02186645069741644,0.023112962604500353,0.022196212987182662,0.021150822285562754,0.02088906313292682,0.021334378892788664,0.020645473967306316,0.0228162553103175,0.020492202078457922,0.021016670623794198,0.02156322667724453,0.023256713000591844,0.022810240712715313,0.02242102613672614,0.02186065577552654,0.020386695046909153,0.022075235057855025,0.02382431793375872,0.01954971725353971,0.022124620736576617,0.024581378500442952,0.021767157362774014,0.021792238781927153,0.022177973383804783,0.021517329441849142,0.021563767571933568,0.019778380170464516,0.020356476627057418,0.02340328274294734,0.02048075050697662,0.020810856338357553,0.019155979447532445,0.022322301316307858,0.021032332500908524,0.022266702610068023,0.020973479986423627,0.023125650826841593,0.02107838651863858,0.018400764471152797,0.02308831427944824,0.02312775928294286,0.021243357885396108,0.02161310290102847,0.024533446674467996,0.0209726536704693,0.019440839270828292,0.02067919756518677,0.01942766079446301,0.01973635476315394,0.019847913295961916,0.02163678692886606,0.02240161906229332,0.02202232161653228,0.02421372995013371,0.021372435527155176,0.02090673305792734,0.02176008647074923,0.021034353092545643,0.018420962704112753,0.02169460302684456,0.022588618157897145,0.023423830280080438,0.022758255450753495,0.019829928496619686,0.022071177896577865,0.02115915992180817,0.022637982649030164,0.022171550255734473,0.021926236717263237,0.019246282405219972,0.023174254019977525,0.020117110892897472,0.02265349996741861,0.02181645855307579,0.02044888978707604,0.0215815091796685,0.020915572851663455,0.021584413800155744,0.023678918281802908,0.023813552543288097,0.019646755215944722,0.022505911445477977,0.019206294877221808,0.023060840932885185,0.022929667524294928,0.019632944429758936,0.021013118122937158,0.023296874802326784,0.02235712538822554
EGR:C2H2,0.09460550676158164,0.0817083665606333,0.10888374137721257,0.09432121572172036,0.09795786653558025,0.08399555152573157,0.0827105507523811,0.08627567839357653,0.08308389767626068,0.099395066514262,0.0760341695859097,0.09255452822253574,0.0886414375709137,0.08976299297137302,0.09590708409814397,0.08730224677128717,0.0996982453216333,0.07506406892935047,0.0980559110030299,0.08923682702879887,0.09886676953465212,0.08853828273640829,0.1060443198584835,0.07955465350823943,0.09249788020315464,0.0917549747209705,0.09048263930799294,0.08745958242434426,0.09733790691825561,0.08779511236571125,0.08720029691176023,0.08494854058335477,0.08682964884792455,0.09128795889409957,0.08932152220222633,0.09666578301403206,0.08910179857412004,0.08453764393925667,0.08441771364960005,0.10275050078053027,0.08908503154088976,0.09175673010759056,0.0896040564730356,0.09515571515657939,0.08851119354221737,0.09365518621780211,0.09859963949566009,0.0956870274094399,0.0966247440665029,0.0802178737721988,0.09804533596616238,0.08362063537424547,0.08535904577001929,0.0930455205088947,0.09925516766816145,0.08647459310304839,0.08612192339205649,0.07904363121178903,0.08888739532267209,0.09391544589016121,0.0916861717341817,0.09806792026211042,0.09706485466449521,0.09334535011294065,0.08580145832820563,0.09612469688727288,0.10617560313403374,0.08994911970512476,0.08647715605184203,0.08129910387651762,0.09169295398532995,0.08070317871170118,0.09111946620760136,0.09648577259940794,0.09575753733224701,0.09135472933849087,0.0917329055519076,0.09381364412547555,0.10229126528429333,0.10039667749515502,0.08638684060861124,0.09563222737051547,0.08145054255510331,0.0954611384877353,0.09571117483574199,0.09139533271809341,0.08583437704510288,0.09261364099074854,0.0918089029728435,0.09351544085802743,0.09527922950292123,0.09105984060443006,0.09922886601998471,0.0894456299029116,0.0902654704041197,0.08578632000717334,0.08146313692850526,0.08477483097522054,0.09761908477958059,0.09720702055346919
ETS/2:ETS,0.014882530066188338,0.01464617012038616,0.014679301601063344,0.014869390165586083,0.014653082920631277,0.013760101535808644,0.014492860108475725,0.015713000777623165,0.013378412005749851,0.015913294656229482,0.011294702313193739,0.01424459405802736,0.014082665333546629,0.015765221267201923,0.014554217249042267,0.01406992479866176,0.015073300303356518,0.015280138013665123,0.014071657727413367,0.012431514661329857,0.013045345987393375,0.014289100880887418,0.013957534364521962,0.012468176529182529,0.012987376586011123,0.01374192970926913,0.01616609194661578,0.014727492776501094,0.014534873098455137,0.014947670048968575,0.012979578463728103,0.01449787000649394,0.014234334314437547,0.014371799041782651,0.01387915593602429,0.01417806187100723,0.014721480291882472,0.013418520169580006,0.013049187540673302,0.014034708993449385,0.015241972709475249,0.015424039539084333,0.01578510646027098,0.013886272028912572,0.016628057880780034,0.015661610448660213,0.013286388456890563,0.015019146278064,0.014718196841158715,0.014194496614095442,0.014493270753177967,0.01397143755889374,0.01377885032661652,0.01594625394193372,0.013468403093497727,0.014986898595680032,0.01473184880660483,0.01408421824908146,0.013841442981004093,0.0145800194018193,0.012752226397878985,0.01414760961824868,0.015208102615360986,0.014580909935432373,0.015078152079354368,0.01357125224558331,0.012501701560722722,0.015864957285430137,0.016210686782869743,0.013661291616472226,0.01388341891242817,0.015007451349106304,0.013863014104572358,0.014999219675019049,0.014259741217983901,0.014577249152580407,0.014152331588320521,0.01409780419191975,0.01723964407949552,0.014552496882515698,0.014240676868212176,0.015113270151232427,0.013672585741517196,0.015017133508536062,0.013321266977300183,0.014012345419359917,0.015316666856278971,0.013692140177454348,0.014841143022522374,0.014050426628500645,0.015112831636542978,0.016291875233491737,0.014060801927371358,0.013501763412932632,0.014788982988193311,0.015413562992080188,0.013966876185577348,0.012959723785115784,0.014594290885042938,0.013452722638248815
KLF/SP/2:C2H2,0.1574142930946918,0.14035866058112578,0.1755881202856251,0.14968004969875892,0.15276419755824122,0.14306163350279633,0.15196804828440236,0.12962490202975196,0.13670394881827974,0.15535151602871622,0.13102501806574196,0.15110981054128914,0.1486939499175861,0.1533760408826268,0.15244315134541342,0.14559140619451227,0.1616140329008715,0.12982224900845551,0.14837524978368677,0.1463287787008909,0.15602515045941345,0.1471063036190543,0.17497520408937817,0.13800524506861223,0.1525674089159743,0.15230380124295095,0.15545303271334188,0.1457652966282268,0.15760720496197345,0.14579282065830768,0.13500378169093352,0.13519576823390977,0.1465685177224998,0.15069062126304544,0.15087849984288937,0.15814473364679316,0.1405964031569482,0.14099907725710636,0.1404710234436557,0.1627373206271301,0.1540879728437936,0.15112640732540683,0.14811007066690962,0.151472796166928,0.15263187416715596,0.15837008380904294,0.16030586813674574,0.1567229405959054,0.1510864525477409,0.12830818796572885,0.15664165555646647,0.13913511770721243,0.14919074866840276,0.15088438051092368,0.1701339683795169,0.15365445023774527,0.1441460671064192,0.1317824753418,0.1501346464027815,0.15271289199992566,0.1435077116991863,0.15580444887392275,0.15482797665048764,0.14685119474881958,0.1416147553024274,0.15346038864071687,0.1670030995896008,0.1451408688719411,0.14748287140326433,0.1367156628592312,0.14381972411250388,0.14209474260350774,0.15151596413999613,0.15713949595330992,0.154905572525891,0.14601600778373935,0.14515840806497948,0.15437276994663307,0.1673902915071892,0.15958645313065745,0.13777050003627522,0.14532426484210248,0.14115410328707156,0.15079826927430062,0.15689877005423725,0.15338423103730747,0.1465375038779726,0.15369269798775065,0.14970125283267421,0.1615775774307231,0.1598995357889592,0.14633245910309256,0.15419196171155392,0.14410685376656573,0.15221290119022512,0.14078836334899236,0.13795482789175395,0.14932173466861798,0.15342038356786958,0.15936499149071182
GC-tract:C2H2,0.005937390304097789,0.006413689257897204,0.006823314713074069,0.00654210986704129,0.006403330314697087,0.005919520206589368,0.005398011822762783,0.006640013375545095,0.006621810135584383,0.006224962718988536,0.006899227749272541,0.00633264725911431,0.005511167470103828,0.006597039651751402,0.006467409770266386,0.005477196827996522,0.005232472561147006,0.005414089268015232,0.005917615562793799,0.00693704026616615,0.006505767683165686,0.005470034210702579,0.006945929322682787,0.006240462475034292,0.005820423441946332,0.0057900280498870416,0.005887686564165051,0.006115087006037356,0.006984517635828524,0.0063858824773888045,0.005609146858432723,0.005650939967722479,0.00673392385670013,0.005666074196597037,0.007007743281974399,0.005571070207906814,0.006608800686422001,0.006433695425130281,0.006468165387559566,0.006488079191512952,0.006478575600340264,0.007197205809546858,0.005966036040263134,0.0062342287274077535,0.0051699592378327,0.005983133563404408,0.006444433413889783,0.005740502464504971,0.006783225514482183,0.006557245584872362,0.005771036186160927,0.006516162188290764,0.006164240022371814,0.0060159878794365795,0.00647418522839871,0.005693562994565582,0.005940498714153364,0.006040997574018547,0.006250577294395043,0.00633232969630626,0.006388991982930747,0.004989147873857291,0.006687014509225264,0.006339207004202763,0.006234843230686238,0.006770232435314938,0.006213671720615821,0.0063521411111651105,0.005633688006128068,0.006601794697417063,0.0055174016304135876,0.0055246880324375525,0.006640076207986567,0.006694061538837559,0.00599293890422814,0.006200316027388908,0.005577174034215204,0.006620068871370677,0.006960866575354885,0.007089281530056724,0.006660466839093715,0.007380136886013133,0.005821518017910421,0.006250521200854564,0.0066260246542242385,0.006209438569840131,0.0061384140217342065,0.007155117518777843,0.006879255630337866,0.0065787707532081185,0.00682029173913179,0.006852162987684096,0.005831284327086905,0.005052285296869741,0.0060188934085090295,0.006888118189635861,0.006738311273693398,0.006263498157750291,0.005746128495957237,0.0068587660208550005
CCAAT/CEBP:bZIP,0.03041556937387213,0.029008376703131944,0.03194842848461121,0.029266522033140063,0.029105242691002786,0.03110305778682232,0.032122839940711856,0.029758153250440955,0.029636055580340326,0.03044249111553654,0.025621090491767973,0.025392227340489626,0.029624491813592613,0.03107097907923162,0.029178530618082732,0.02871357643743977,0.03041019308147952,0.026592845155391842,0.030602493323385715,0.030436367029324174,0.02876624232158065,0.027336312632542104,0.02795630443142727,0.030620344390626997,0.0307797163259238,0.029127858229912817,0.032412301341537386,0.03136718668974936,0.03283490688772872,0.026452655001776293,0.02891060255933553,0.02949799399357289,0.02917673156480305,0.029819842777214944,0.03228341444628313,0.032041275058873,0.030609340930823237,0.025334111269330606,0.025450013985391706,0.029248743609059602,0.03380200517131016,0.026818541635293514,0.027387802489101887,0.032429553335532546,0.028424866672139615,0.033712530392222106,0.03327769285533577,0.031603956245817244,0.030004002328496426,0.028480024309828877,0.029755733150523156,0.03098361531738192,0.030905453662853688,0.03302630630787462,0.028197915758937597,0.029744641506113112,0.03275828046025708,0.027909630327485502,0.027769481763243675,0.02849336783401668,0.026940092560835183,0.030136854737065732,0.031875549524556845,0.031239367206580937,0.030909077438991517,0.026472206169273704,0.027747818443458527,0.027611431141849607,0.02708345535211265,0.02986992971273139,0.03346447565127164,0.0286973676411435,0.030402974924072623,0.02811905779526569,0.028891642403323203,0.02941548405215144,0.029776408220641315,0.02634163777111098,0.03459652856690809,0.03171812032815069,0.03125415899557993,0.02669472509296611,0.027682046056725085,0.028118792979512364,0.029725954111199826,0.029566177923697978,0.02878550346940756,0.03189015865791589,0.025126715889200568,0.030075017653871328,0.0354310087277554,0.02577306143939495,0.03343346616020426,0.03192478872369975,0.030849337752442807,0.02874769683694467,0.029906073643360287,0.029082196939270943,0.03387042926624417,0.027587658958509564
GLI:C2H2,0.002111111069098115,0.0018834780203178525,0.00194061707588844,0.0021204559598118067,0.0022553000890184194,0.0019326551700942218,0.0021842066780664027,0.0021656857279594988,0.002108663582475856,0.0025785652978811413,0.001401509071001783,0.0024869633780326694,0.002738137583946809,0.002235512569313869,0.002799834619509056,0.002162700839107856,0.0019187029683962464,0.0016651600890327245,0.002048755733994767,0.0022352907981257886,0.0023434196482412517,0.002413446578430012,0.0021552980470005423,0.001767796406056732,0.0014996755053289235,0.0016999251383822411,0.002880286396248266,0.00149371029692702,0.0025215954519808292,0.0016538577328901738,0.0018275721522513777,0.0016726422472856939,0.0019677213858813047,0.0021505534241441637,0.0020538749522529542,0.0022830942180007696,0.00196696535567753,0.0022347147460095584,0.0030092679080553353,0.0028618124197237194,0.0022540873324032873,0.0023254871484823525,0.0022740846616216004,0.0024210084520746022,0.0019133848836645484,0.0028463504277169704,0.0026698787114582956,0.0028837690188083798,0.0028286274464335293,0.0017003206594381481,0.0025156984920613468,0.0020263261103536934,0.0019467843230813742,0.00204836338525638,0.0016136264603119344,0.0015334213676396757,0.0015174848376773298,0.0020637372217606753,0.002643561252625659,0.0018190690025221556,0.0019313267548568547,0.0015529524243902415,0.0021172933047637343,0.002132599358446896,0.001982732879696414,0.0010397045407444239,0.0020083436102140695,0.0022430465323850513,0.001519377517979592,0.002413441543467343,0.0016625048883724958,0.0026526805013418198,0.0018877768889069557,0.0027179726166650653,0.0015324844571296126,0.0017232976097147912,0.0017845255497377366,0.001679606590187177,0.00217850087210536,0.002972099435282871,0.001794273208361119,0.0017112908244598657,0.002357445890083909,0.0017496949876658618,0.002892796677770093,0.002211206592619419,0.002151623775716871,0.0021576323197223246,0.001857051276601851,0.003093424078542739,0.001847237697802484,0.0021481159783434123,0.0019489590777084231,0.0021538410801440477,0.0026331618428230286,0.0015779541863594204,0.0022408564982470125,0.002631530980579555,0.002173545479308814,0.00271634483942762
E2F/2:E2F,0.0026197108381893486,0.002550410572439432,0.0029075355414533988,0.002782793337246403,0.0024514768447261304,0.0019804862677119672,0.0022695366496918723,0.002263483445858583,0.002671843583812006,0.0030496199324261397,0.0024455569946439937,0.0025039510655915365,0.002534916260628961,0.003227028137189336,0.002631025435675838,0.0026017722993856296,0.0028857589059043676,0.002672333808732219,0.0028457659645937383,0.0026495958954910748,0.00313996548356954,0.002919520004070364,0.0027135933632962406,0.0019872961420333013,0.0023958802776178345,0.002703104051761329,0.0023404853272950277,0.002359081292524934,0.0024248496047221124,0.00237905110407155,0.0025883554480969906,0.0032365693186875433,0.0029110085451975465,0.002430658569210209,0.0025033594138221815,0.0026475667400518432,0.0023122567727114074,0.002503160241758451,0.0022154213656904176,0.002707579653360881,0.0020952759368810803,0.00236109655816108,0.0029900174704380333,0.002823081289534457,0.0027829186874441803,0.0024418432149104774,0.002517946133593796,0.0026641025542630814,0.002851991815987276,0.0021331046300474554,0.002908882248448208,0.002180163486627862,0.0025532362633384764,0.0030208479438442737,0.0024216163874370977,0.002300631284015253,0.002343406740692444,0.0023676570563111454,0.002504415635485202,0.0020635274122469127,0.0022885368816787377,0.0026516995421843603,0.0029375090198300313,0.002704645783524029,0.0032755690190242603,0.00307788368081674,0.0030328924185596406,0.002967604115838185,0.0030859770777169615,0.002390040346654132,0.0028726140735670924,0.0027835958208015654,0.002625967506901361,0.002639717946294695,0.002648922352818772,0.0028439226516638882,0.0029953458142699674,0.0026458175270818174,0.0025266685406677425,0.0027991527858830523,0.002628233138239011,0.0026933525659842417,0.0023450558946933597,0.0026293844712199643,0.002262210226035677,0.002338317019166425,0.002249037061119452,0.002705122984480113,0.0028787411574739963,0.0025772571680136025,0.003048353479243815,0.0025571326696081087,0.00288855389226228,0.002770145671092905,0.0025974858581321314,0.003005322039825842,0.002382359904004261,0.0023056553909555078,0.0031838955474086106,0.002311744901817292
ETS/1:ETS,0.0036298629274824634,0.0038893273049325217,0.0038082264218246564,0.0037806701875524595,0.003970295434555737,0.0035669391363626346,0.004021126347652171,0.0034257511360920034,0.0035899649665225297,0.0039132318561314605,0.0035643349547171965,0.003939785841794219,0.003992464055045275,0.003816759279288817,0.003644161297415849,0.004026970553240972,0.003683084451040486,0.003643672931502806,0.003657116561953444,0.003850550354400184,0.004110562163987197,0.003755147485207999,0.0034629512883839197,0.00361134072591085,0.0038601590640610084,0.0035971123361377977,0.003884704135998618,0.0038647205183224287,0.004145679868088337,0.003891303997079376,0.0035917473178415094,0.0035825169616146013,0.003879083011270268,0.004094076932233293,0.0036910182680003345,0.003790450678934576,0.0036212998566043098,0.003455773159657838,0.0038748791776015423,0.0038186583551578224,0.0037053074083814863,0.003986010608059587,0.0041014643720700406,0.003702521680679638,0.0036049758782610297,0.004313592307880754,0.0037584584497381,0.0038934477634029463,0.0035020270697714295,0.0038541585599887185,0.003635261662566336,0.003671818907605484,0.003336640504130628,0.0035807618623948656,0.0036681407946161926,0.0037599959287035745,0.00395559542812407,0.0037534281436819583,0.003895192752679577,0.0037264119091560133,0.004073141713888617,0.0036965428589610383,0.0036856242550129537,0.0036866785449092276,0.003451612443313934,0.003965792649978539,0.003546826988895191,0.0036122098681516945,0.0042240902039338835,0.003852893085422693,0.0037419235122797545,0.0037888608712819405,0.00418220010396908,0.003752825483388733,0.0039098393099266104,0.003774116950808093,0.003827609478321392,0.004082173883944051,0.0033982986715273,0.0034996124304598197,0.003581524386390811,0.003670932630484458,0.0038123155682114884,0.003813260354945669,0.004128523880353896,0.004078965066582896,0.004037789149151649,0.0037827661508345045,0.0036590063209587242,0.0041948050529754255,0.0033832786575658247,0.0038971682733972557,0.0035184649022994563,0.004004271351732314,0.0037677658001484815,0.00362982097431086,0.003863430338242324,0.004022223627544008,0.0037062829069327563,0.0041101446622633375
RFX/1:RFX,0.016450953029561788,0.01646021762280725,0.015892321098363027,0.017199475900270045,0.016707336908439174,0.017324421467492357,0.01725243902183138,0.016567646744078957,0.016614600201137364,0.018149085604818538,0.018449338764185086,0.01826846253243275,0.017335898068267852,0.017421493161236867,0.015414079272886738,0.016837340750498697,0.015928196080494672,0.01718608071678318,0.018745803041383624,0.016896148648811504,0.016623016068479046,0.01630638906499371,0.01751915435306728,0.01680911920266226,0.016560626740101725,0.016932943544816226,0.016381404901039787,0.016254057176411152,0.017986266379011795,0.01548356915009208,0.01873784587951377,0.018231076828669757,0.018122791429050267,0.016994129866361618,0.01786383512080647,0.017262751614907756,0.01689844037173316,0.014098566840402782,0.016231226094532758,0.01743631751742214,0.01635915030783508,0.016311462182784453,0.014302307012258098,0.01771951196133159,0.015983904217137024,0.016814507776871324,0.015637549717212096,0.01715601424803026,0.014774286828469485,0.01493062348163221,0.018717081344220787,0.019652971881441772,0.017030797869665548,0.017178280890220776,0.0161801695212489,0.01451011691824533,0.015898950761766173,0.016040087211877108,0.016045671567553654,0.016234369133599102,0.016654629638651386,0.015205589326797053,0.01716716686496511,0.016295112116495147,0.0187094004068058,0.01695932960137725,0.01681094412924722,0.017100733268307522,0.015182189410552382,0.01596293001784943,0.01808112853905186,0.01537685924267862,0.017531991295982152,0.01635761409124825,0.015118904935661703,0.01840119212283753,0.018359238223638386,0.018242630001623183,0.0175390863296343,0.01572002051398158,0.0148511810839409,0.018899119168054312,0.015284810011507943,0.0179430844145827,0.01769353513373062,0.016306490753777325,0.01739843882387504,0.015631947811925784,0.01617806835565716,0.01961471274262294,0.018158697261242196,0.014802368707023561,0.0190545539080631,0.016597511334111914,0.018451489188009873,0.017707914201309904,0.016814231203170493,0.017146591824712232,0.01936747060972266,0.018311564810574055
AP1/2:bZIP,0.009590794230462052,0.010345967719331384,0.01213471544906497,0.010270636470522732,0.009424158080946654,0.008907514900784008,0.009196037921356037,0.010037235304480419,0.008336907689226791,0.011139192502014339,0.010418814126751386,0.010787750477902591,0.009703949923277833,0.009167094380245544,0.011691474195686169,0.008573489903938025,0.009925456819473766,0.007515271834563464,0.010475293238414451,0.009218913764925674,0.010061439883429557,0.008399688580539078,0.010583772382233292,0.009343398705823347,0.008556293090805411,0.007815861055860296,0.010186854837229475,0.009509636511211284,0.009579604025930166,0.010563386909780093,0.00932088699482847,0.008446765263215639,0.009853385417954996,0.010201654367847368,0.007007146428804845,0.010497595445485786,0.009435543601284735,0.009435931409825571,0.0076149533852003515,0.010759013472124934,0.00825247039028909,0.009594112867489457,0.009412958606844768,0.01007603011385072,0.007711151360126678,0.01081691138097085,0.010512419772567227,0.008889024073141627,0.01076094520976767,0.007586595165776089,0.007616016737301834,0.01061979605583474,0.008694223462953232,0.01087746856501326,0.01053099510318134,0.009383072814671323,0.00905271276133135,0.00930828892160207,0.010743608203483745,0.009342113669845276,0.01065317538450472,0.008814660192001611,0.008475365728372708,0.009162897898931988,0.008632792232674547,0.009166503194137476,0.010403674328699708,0.008584223731304519,0.00877555641636718,0.007145573137677275,0.009568167399265803,0.007950538958539255,0.008837925997795537,0.009897191339405254,0.009547939640469849,0.010039541608421132,0.00987757024995517,0.009641491080401465,0.011001690902048722,0.01106020285806153,0.008158674609148875,0.007903519202955067,0.008525880199158564,0.008617410101578571,0.009986328455852345,0.010332311983802356,0.009660623807576485,0.009904719481710345,0.010020229427027516,0.011421814939239994,0.011317720636725426,0.010485365521162748,0.008993617637315765,0.009524452005280182,0.008799939561868086,0.007724241586402059,0.010566244745859876,0.010465791187016293,0.00815188953129109,0.010643994435667992
SOX/1:HMG,-0.21452335268259048,-0.21444590389728546,-0.2468327358365059,-0.22640730440616608,-0.21430448442697525,-0.21872658282518387,-0.2265351042151451,-0.22689228504896164,-0.2169317975640297,-0.23559356480836868,-0.2107630893588066,-0.23068251460790634,-0.20743487775325775,-0.2629932165145874,-0.23985691368579865,-0.2193402647972107,-0.21996352821588516,-0.21358677744865417,-0.23215308785438538,-0.21060270816087723,-0.22952447086572647,-0.2232634201645851,-0.23165077716112137,-0.2236696034669876,-0.23232155293226242,-0.23123543709516525,-0.21009615063667297,-0.22625606507062912,-0.20667840540409088,-0.21585191786289215,-0.22358113527297974,-0.20006658881902695,-0.22111903131008148,-0.20641345530748367,-0.2214457094669342,-0.20914258807897568,-0.2316751480102539,-0.21375060081481934,-0.2375122830271721,-0.23532864451408386,-0.22562874853610992,-0.23035550117492676,-0.21553391218185425,-0.22055955976247787,-0.23755986243486404,-0.20347215235233307,-0.23507697880268097,-0.22804532200098038,-0.23555970191955566,-0.21849246323108673,-0.2269597053527832,-0.2334948629140854,-0.21887434273958206,-0.23054014891386032,-0.2275882288813591,-0.2289666160941124,-0.24165256321430206,-0.23152059316635132,-0.21438724547624588,-0.22094587981700897,-0.2112010195851326,-0.2189355194568634,-0.2494247779250145,-0.23293008655309677,-0.20038080215454102,-0.2366647943854332,-0.22009804844856262,-0.226688452064991,-0.23583726584911346,-0.22434286028146744,-0.2336343601346016,-0.2305038496851921,-0.2406526580452919,-0.23548958450555801,-0.22194965183734894,-0.2391219064593315,-0.22231725603342056,-0.22380368411540985,-0.23599210381507874,-0.23402473330497742,-0.2396029606461525,-0.23162142932415009,-0.2196698561310768,-0.23635640740394592,-0.22467701137065887,-0.22326164692640305,-0.2035413682460785,-0.24058593064546585,-0.23687903583049774,-0.21880600601434708,-0.24025976657867432,-0.22933150827884674,-0.2302616611123085,-0.22957666963338852,-0.21229027211666107,-0.23041415214538574,-0.21227425336837769,-0.2100019007921219,-0.23418988287448883,-0.21543752402067184
TBX/3:TBX,0.004515657747106161,0.005053693312220275,0.007770612777676433,0.005855014664120972,0.006266038399189711,0.006564319861354306,0.00589932530419901,0.006390487134922296,0.005916678725043312,0.006569722609128803,0.004720687953522429,0.005517061159480363,0.004385094092867803,0.0077743218280375,0.00669036345789209,0.005461117252707481,0.004503297590417787,0.0056939818896353245,0.005857670970726758,0.00534431729465723,0.006114519201219082,0.004233858315274119,0.007050457701552659,0.005938521644566208,0.005750386568251997,0.005418213841039687,0.005969207733869553,0.005468471965286881,0.006664486660156399,0.00495920202229172,0.004474845074582845,0.006886891496833414,0.005214841745328158,0.005099761299788952,0.007904099067673087,0.0051128173945471644,0.0046518127783201635,0.004730712273158133,0.005528847221285105,0.006220080598723143,0.006051525997463614,0.0065457786549814045,0.0059038992039859295,0.005621550139039755,0.006661416729912162,0.005686081480234861,0.007902021112386137,0.00665470096282661,0.006907915347255766,0.0059622154221870005,0.00477897806558758,0.005875356728211045,0.0076965633779764175,0.007866552274208516,0.006324581801891327,0.00639117433456704,0.006086017354391515,0.004751185275381431,0.004965895088389516,0.00454779076972045,0.00588374852668494,0.005456716404296458,0.007641086354851723,0.007214016746729612,0.006630880234297365,0.007051175402011722,0.005801632010843605,0.006720371427945793,0.00698803982231766,0.004867979034315795,0.006354118348099291,0.006858673586975783,0.0060657786088995636,0.007653497392311692,0.004881626751739532,0.004850341414567083,0.006275410647504032,0.004759380186442286,0.006238026428036392,0.007136806903872639,0.006011194491293281,0.004423274949658662,0.006984446372371167,0.005769543873611838,0.005079636524897069,0.005868170876055956,0.005136841558851302,0.0071565580437891185,0.007876648160163313,0.005949519574642181,0.006639360566623509,0.005843120394274592,0.006589568569324911,0.006799418653827161,0.004899534222204238,0.00765714276349172,0.006028828618582338,0.0051443809643387794,0.006641633750405163,0.00628480693558231
N/A,0.013380560104451433,0.013296310532950883,0.016636111662592157,0.012539540295165352,0.014527905652357731,0.014353041302911151,0.012198118408377923,0.014791735186918231,0.014955488984014664,0.015851017011300428,0.013430952399176022,0.017627748901759333,0.015540361288003623,0.01787976044579409,0.01560499431889184,0.015449940729070022,0.013534412107219396,0.01583036204920063,0.016565847048696014,0.015386264577955444,0.014477788657131896,0.013596946867892257,0.014309782055534015,0.014912413472302433,0.013141054583684308,0.014579794957171544,0.013273583310819959,0.015919023403512256,0.016676318607551366,0.012562903264097258,0.015288331955161993,0.013416213191703719,0.015537921850409475,0.013882401261980704,0.014705776193295605,0.014052545872800692,0.015573520853649825,0.013329033503396204,0.015294502397409815,0.013336618527318933,0.017587176083907252,0.012379461458294827,0.013367504913730954,0.0158895099611982,0.017039772136740794,0.01489788408343884,0.01601390298583283,0.014869681390337064,0.015452411071237293,0.01215596946349251,0.01511338868203893,0.01452281619731366,0.014961266821956087,0.017492319985649374,0.017427160657462082,0.01721732666828757,0.016015057564800372,0.01517668608812528,0.012711720532024628,0.013071804801256803,0.013367943057801313,0.013383258310568635,0.014514802590383624,0.01287808544748259,0.015384883412480121,0.016986821116915962,0.01330217439772241,0.013122216622832639,0.01592614680157567,0.0149179531927075,0.016117394881803193,0.01694594410037098,0.015893315717221412,0.01874355158633989,0.013933920576164383,0.01693240872282331,0.01728220549011894,0.012739816518660518,0.018767899140584632,0.016905843082895444,0.014326535098916793,0.014751635000720853,0.014030410358827794,0.016929213979892666,0.014331297988064762,0.01440575690321566,0.014005970505877485,0.013213758529673214,0.0148623874738405,0.014761792314857303,0.017897444370646554,0.01706304254821589,0.01588910225291329,0.015571112458928837,0.014784976556256879,0.01663045355508075,0.014932149184005539,0.012941178641540318,0.016064616870608006,0.014258600664561527
NR/20:nuclearreceptor,0.0038092986214905977,0.0032220992143265903,0.0029348707175813615,0.0031982073560357094,0.002847087918780744,0.0027766188723035157,0.0035462339874356985,0.0027190890978090465,0.00292395445285365,0.0030661691271234304,0.003002866345923394,0.0032860501669347286,0.0037974511506035924,0.00366042775567621,0.002828847267664969,0.0030795997590757906,0.0038322475156746805,0.0027193655259907246,0.00361615011934191,0.0029218445415608585,0.003059305134229362,0.0029064815607853234,0.003265090985223651,0.0023913434124551713,0.0020729159004986286,0.0032242879969999194,0.003483014297671616,0.0034975612070411444,0.0034423224860802293,0.003112508507911116,0.0030895405216142535,0.0034020724706351757,0.0034089068649336696,0.003515442891512066,0.0029882522067055106,0.003295952396001667,0.003505442524328828,0.0022646863071713597,0.0033608878147788346,0.0038993064663372934,0.004014458856545389,0.002902777516283095,0.002864837762899697,0.0033327025594189763,0.0030698750633746386,0.0038684484316036105,0.0035375722218304873,0.003502168692648411,0.0031301695271395147,0.003266807529143989,0.003279801458120346,0.003162517794407904,0.003292652196250856,0.00333758641500026,0.003043838543817401,0.003525678825099021,0.003016327100340277,0.0029483070829883218,0.0032788250246085227,0.0031614178442396224,0.0028819075087085366,0.003089268342591822,0.003383259172551334,0.0028748054173775017,0.002766529913060367,0.003006744373124093,0.003499567974358797,0.0027666225796565413,0.0029246557387523353,0.0033156878780573606,0.0032708231010474265,0.0029183123260736465,0.0035379172768443823,0.0028132490115240216,0.003079140849877149,0.0030097548151388764,0.0025852096150629222,0.0035817745374515653,0.0035515325143933296,0.0030176182626746595,0.004163025296293199,0.002915885706897825,0.002819918910972774,0.0034270937321707606,0.0033442842541262507,0.0032897877390496433,0.003288742736913264,0.002543243346735835,0.003123325470369309,0.0037075395230203867,0.0032914913026615977,0.0031603111419826746,0.0035234312526881695,0.002754515327978879,0.0037338166148401797,0.0029137671808712184,0.0029389012488536537,0.0035939806839451194,0.0032286446657963097,0.003396836342290044
CREB/ATF/2:bZIP,0.008951532567152753,0.009454019163968042,0.009124267073275405,0.009488253133895341,0.009574864841852104,0.007672349014796964,0.008522723368514562,0.0077781603904441,0.007872209504057537,0.009861516149612726,0.008475680699120858,0.00774799718419672,0.009162818165350473,0.008520195431628963,0.00921140465834469,0.008711994800250977,0.008828925730995252,0.006794476614231826,0.009286547734518535,0.00826332823089615,0.008854164903823403,0.007969836035044864,0.007819475045835134,0.007225715711683733,0.0075117281048733275,0.006710016779834405,0.009027154390423675,0.007800970162861631,0.008219238316087285,0.00877215993568825,0.008639041197966435,0.006458387068050797,0.00824287454088335,0.009501527676547994,0.00678135900216148,0.009658106189817772,0.00818145561925121,0.007036890953713737,0.0064082358112500515,0.008509221155691193,0.007076626459820545,0.007710590418355423,0.007423224491503788,0.00988378874171758,0.007050312764476985,0.009381653881064267,0.008795479478067136,0.007522631187384832,0.008618230060164933,0.007293978324014461,0.007895944961092027,0.008592251873778878,0.007027215346624871,0.007868519034673227,0.007932297451588965,0.007926707308797631,0.00806867183837312,0.00756153722977615,0.009417534500244074,0.009021675716212485,0.00809445158301969,0.008718053522898117,0.008066140264418209,0.007538360989201465,0.0068083800324529875,0.007637976119440282,0.006881366658490151,0.00773554060015158,0.007374507975328015,0.007913430630651419,0.00919167956635647,0.006555498353918665,0.007498247668991098,0.008135064215707644,0.00892486231350631,0.00863792082418513,0.008065878863817488,0.007009798089711694,0.0085520706124953,0.009331928859865002,0.00797197530118865,0.007249266702274326,0.007084956854669144,0.006655693818174768,0.008452777479760698,0.009114091146329883,0.008538392930859118,0.008284077834105119,0.0074115093957516365,0.009365291139147303,0.009373674900416518,0.007482773797164555,0.008479265905407374,0.007893415314356389,0.009077259579498786,0.007795895795425167,0.00913130439039378,0.008581554838201555,0.008951989007982775,0.008905101702112006
HD/12:homeodomain,0.009750321027240716,0.009963907359633595,0.010529255188885145,0.00994913476461079,0.010365279798861593,0.010415673124953173,0.009976167159038596,0.009499552252236754,0.008910361619200557,0.009947587313945405,0.009411461520357989,0.009020705954753794,0.009657581817009486,0.010255732908262871,0.00962820157292299,0.00927718663297128,0.009434836654691026,0.00950809362984728,0.010319644614355639,0.009481665256316774,0.010110729941516183,0.009375223220558837,0.010032782462076284,0.009558163801557384,0.010682176565751433,0.009867241067695431,0.008767725303187035,0.01018860179465264,0.009570264068315737,0.009637980634579435,0.009987518991692923,0.010084610388730653,0.008440177392913029,0.009073079883819446,0.009982339674024843,0.009834509721258655,0.009928764804499224,0.009672881220467389,0.010215389615041204,0.009133450264926068,0.00978953595040366,0.009490572105278261,0.008668544644024223,0.009591776994057,0.0100237821607152,0.008881131405360065,0.00995681292260997,0.00952027042512782,0.010268254860420711,0.009708181707537733,0.00900302866648417,0.008901333290850744,0.009759317763382569,0.009888552012853324,0.00975111112347804,0.009666771453339607,0.009712544386275113,0.009235646575689316,0.009486053575528786,0.010031071898993105,0.009289420850109309,0.009040475139045157,0.010438274883199483,0.009169259443297051,0.009833070100285113,0.009252006610040553,0.008154683717293665,0.009246752786566503,0.009839978461968713,0.009334397647762671,0.009917015049722977,0.009794649537070654,0.009941452939528972,0.010112979682162404,0.009214070159941912,0.010448540037032217,0.010302952621714212,0.010279786147293635,0.009674330431153066,0.01015457374160178,0.008973141593742184,0.010223541743471287,0.009714534564409405,0.010074990917928517,0.009440370864467695,0.010049517164588906,0.009911156332236715,0.009570389403961599,0.009386585443280637,0.009833167612669058,0.009551038689096458,0.010518402414163575,0.009439311543246731,0.009709221965749748,0.0106007992872037,0.010242510717944242,0.00980546469509136,0.009272923722164705,0.00933289529348258,0.009675239809439518
RFX/3:RFX,0.003405085786653217,0.003567179315723479,0.003124684822978452,0.0034869951268774457,0.00352164005744271,0.0026301475227228366,0.0033631484111538157,0.002340200269827619,0.003463585482677445,0.0028818055943702348,0.0035579901668825187,0.0034969812440976966,0.003680594396428205,0.0042568408825900406,0.0030909704219084233,0.0026427616030559875,0.0036445880032260902,0.003380608330189716,0.003577257361030206,0.0035367626769584604,0.0035540626995498314,0.0032974177156575024,0.0029813823202857748,0.003109243254584726,0.003720675544172991,0.002926544395450037,0.003569679945940152,0.003791716240812093,0.003829306166153401,0.0033513345260871574,0.0026870815636357293,0.0036901278217555955,0.0036074275340070017,0.0034642317550606094,0.003653319872682914,0.0035634974046843126,0.0034891080649686046,0.0030925843384466134,0.003706148127093911,0.0034704880890785716,0.0032918461729423143,0.0030846055233269,0.0031381694534502458,0.003228713867429178,0.002548794094764162,0.0032660216311342083,0.003572767396690324,0.0032134671055246145,0.002858424290025141,0.0027257448819000274,0.0036457696041907184,0.003379355082870461,0.0025971305440180004,0.0030349377120728604,0.0031418592334375717,0.004034884557768237,0.003539923687640112,0.0030315151816466823,0.0034835298065445386,0.0034700302639976144,0.0032013527015806176,0.0032900639780564234,0.0033593683037906885,0.003726211369212251,0.0032878929268918,0.0031698088932898827,0.0025377037745784037,0.0030611002512159757,0.002562165245763026,0.0032537787556066178,0.0030170340614859015,0.0030602375845774077,0.0035324404598213732,0.0030972780368756503,0.0031375680191558786,0.0025397488061571494,0.002737921218795236,0.003012114713783376,0.003260495992435608,0.0032521366665605456,0.002743576238572132,0.003255886840634048,0.003024004450708162,0.003130439123196993,0.0031713156204205006,0.003612789099861402,0.0034719502509688027,0.002719109194003977,0.0026692189057939686,0.003832007700111717,0.0034634988332982175,0.00312399172980804,0.0030765817500650883,0.002984337006637361,0.0038915384939173236,0.0034011781463050283,0.0030391429681912996,0.003114353690762073,0.0032974206696962938,0.003313049368443899
Ebox/CACGTG/2:bHLH,3.2902345736829375e-08,2.3742591892528253e-08,2.588753211796302e-08,2.745152904992665e-08,2.166958879001868e-08,1.5579638912299743e-08,1.5086513371898036e-08,1.4199573072914973e-08,2.7293907578496146e-08,2.8848541333559297e-08,3.728217379261878e-08,5.166544170265297e-08,3.751457811063119e-08,3.870538023420522e-08,3.733301667807609e-08,2.6355534643585088e-08,3.9063994705657024e-08,3.836311890381694e-08,1.3413131050299398e-08,2.964446466080517e-08,3.669234516223696e-08,2.0234415032405195e-08,5.2630955593713225e-08,4.8607013525270304e-08,-3.888124933126846e-09,2.1877102795997416e-08,1.2958994766165688e-08,-1.037532548764375e-08,4.25667217029968e-08,4.4361932793890446e-08,1.9575965737317347e-08,1.4858496655278941e-08,2.1723630894143753e-08,2.412846633603749e-08,1.852713893413238e-08,4.8053330203856603e-08,2.284273570296591e-08,4.5091727685075966e-08,1.35828397418436e-08,1.4288456640088043e-08,-6.564351728854945e-09,3.184119279353581e-08,2.4815358656837816e-08,8.524532191245271e-09,4.368262551679436e-08,5.155202487117094e-08,1.8217704678136215e-08,2.7404478686321454e-08,2.782104679965869e-08,5.943351588655332e-09,3.09953769317417e-08,-1.4752310484311693e-09,2.6540648789818988e-08,2.414173927434149e-08,-1.04554391811007e-08,9.463498429340689e-09,-8.603697310149983e-09,2.780173069538705e-08,2.743588467524205e-08,3.415453875277308e-08,5.471450492677832e-08,4.434308920053809e-08,2.0949988410734477e-08,2.2263332510874534e-08,1.1608912053873155e-08,2.0590187332913956e-08,4.742118875356027e-08,1.8503317988916024e-08,3.020964811639715e-08,1.4524887070876957e-08,2.6124435947849634e-08,-2.5951528925816092e-08,3.718582419764971e-08,-5.0807773988026383e-08,4.223844385364828e-08,4.6014932308935386e-08,1.2324484544024017e-08,5.287911619689112e-08,-4.755866367389672e-09,3.103093249023914e-08,1.9222326841372706e-08,2.5914435042295736e-08,1.936063043217473e-08,1.8223511588644214e-08,3.2610333988714046e-08,4.6474045944933096e-08,3.0679782270226497e-08,4.6126096719945053e-08,5.187247964499875e-09,4.3992415044158406e-08,1.9620644664541942e-08,3.572374751570351e-08,3.434960760273498e-08,4.0069448203894353e-08,2.9119696876023227e-08,2.506067708907267e-08,4.2273523348512754e-08,7.427257742165239e-08,3.030860185049278e-08,3.944844806369474e-08
NFY:NFY,0.00155109484330751,0.0019906149827875197,0.0017877678910735995,0.00163698208052665,0.0016690557240508497,0.0015718542854301631,0.0019164186378475279,0.0015155581422732212,0.0018521585298003629,0.002024183137109503,0.0015341770631494,0.0017795275198295712,0.001855751732364297,0.0018938753273687325,0.0010721416037995368,0.0017587594193173572,0.0016195807547774166,0.001773734315065667,0.001982364206924103,0.0019418450829107314,0.0017135068046627566,0.001584322249982506,0.0015842859356780536,0.0015003632579464465,0.0016154171025846153,0.0016486492386320606,0.0017388184351148084,0.0017568039475008845,0.001908966456539929,0.0017486637661932036,0.0018708670540945604,0.0018049123464152217,0.0017226500931428745,0.0018163466302212328,0.0020335436856839806,0.0015481490117963403,0.001580109092174098,0.0015490313671762124,0.0017317074234597385,0.0017626240296522155,0.001552105401060544,0.0016011187981348485,0.0013619845267385244,0.0018235902971355245,0.0019276674720458686,0.0017568324692547321,0.001084384581190534,0.0014452403120230883,0.0013021567137911916,0.0016670914483256638,0.0015505176124861464,0.002002047054702416,0.0017339613259537145,0.0017345822416245937,0.0014819497300777584,0.0013766302581643686,0.001854098925832659,0.0019560906221158803,0.0016795954579720274,0.0019515151652740315,0.001849811065767426,0.0014058673259569332,0.0017322818748652935,0.0015604410000378266,0.001890074840048328,0.0017901853716466576,0.0015377956588054076,0.0018307354184798896,0.001945959695149213,0.0014524774232995696,0.0018210673733847216,0.0017610813083592802,0.0015366594889201224,0.0016754470561863855,0.00180691501009278,0.0018202914216089994,0.0019350070506334305,0.0014852691383566707,0.0014845896657789126,0.0011961970012634993,0.0017969614709727466,0.001720733635011129,0.001741688494803384,0.0017715726571623236,0.0019420559401623905,0.0018283509270986542,0.0019234782230341807,0.0014218083961168304,0.001827888481784612,0.0018991723482031375,0.0014799335913266987,0.0018020861316472292,0.0017309989634668455,0.0015322818653658032,0.0018799060198944062,0.0019075630843872204,0.0018147183145629242,0.0017953124770428985,0.0017673089896561578,0.0020329060207586735
CTCF:C2H2,0.0031604362702637445,0.003725818343809806,0.003489438364340458,0.0036713861736643594,0.003207100803592766,0.003080953407334164,0.0034974186128238216,0.003448104158451315,0.0036006463051307946,0.002391343026829418,0.002977486397867324,0.003422799738473259,0.00317472533788532,0.0033787187130656093,0.002748948418229702,0.003284699996584095,0.002870183998311404,0.0039066075878508855,0.0029111341282259673,0.0033642492053331807,0.0033100416312663583,0.0034483024901419412,0.0035163016145816073,0.0035898608225579665,0.0037257270887494087,0.0032151866835192777,0.003550711400748696,0.0029054371116217226,0.003768703725654632,0.004123271333810408,0.002632955311128171,0.0031609857509806716,0.003739703472092515,0.003004697597134509,0.0035212649672757834,0.003667744946142193,0.0033456078799645184,0.0036319631872174796,0.002880928608647082,0.0029956856269564014,0.0031227215604303638,0.003035909689060645,0.0033324177711619996,0.0027463602818897925,0.003242357721319422,0.003964247720432468,0.003389531520952005,0.0031917648957460187,0.0027159856363141444,0.003098427181612351,0.003291919547791622,0.0035955077801190782,0.002602262204163708,0.00348895160095708,0.0030878747420501895,0.00229994941764744,0.003133943329885369,0.003524800638842862,0.0032837725448189303,0.00325682918264647,0.00370601870235987,0.0033065409579648986,0.002758039248874411,0.0041511038216413,0.002370958110986976,0.00280903049679182,0.0029925517810625024,0.0035399530788708944,0.002990322122059297,0.003053733587876195,0.002795673171931412,0.003057177225855412,0.003722617526364047,0.0028828944082306407,0.0026015467010438442,0.003267154643253889,0.0032518437910766806,0.00357678940781625,0.0028917069867020473,0.0029856831206416246,0.0023432587931893067,0.0037159402709221467,0.0033223745067516575,0.0033262925426242873,0.0032831939388415776,0.0036409829699550755,0.004036694968817756,0.0032949784836091567,0.0031510240442003123,0.003557751188054681,0.0031034848939270887,0.0033714896194396715,0.0028291576163610443,0.004014640762761701,0.0032737759174779058,0.0031687290274931,0.0034358498110123037,0.0038475784240290523,0.00266866383026354,0.003666743796202354
GFI:C2H2,0.0002405709819868207,0.00020529725588858128,0.0001329657679889351,0.00018370022007729858,0.00017673928232397884,0.00010652033233782277,0.00016217537631746382,0.0001963701070053503,0.00021341413957998157,0.0002819931833073497,0.00024203871726058424,0.0002394649782218039,0.00022135561448521912,0.00017823973030317575,0.00020403087546583265,0.0002692784182727337,0.0002489450271241367,0.00020332765416242182,0.0003279009833931923,0.00021195669251028448,0.00022560328943654895,0.00021993658447172493,0.00023293693084269762,0.00017868368013296276,0.0001937674096552655,0.00018403127614874393,0.00026098862872458994,0.00020064688578713685,0.00020644449978135526,0.00018873324734158814,0.0002400044322712347,0.0002982255828101188,0.0001612433115951717,0.00026092788903042674,0.00022796595294494182,0.0002597810234874487,0.00019776531553361565,0.00033329761936329305,0.0002167124766856432,0.000246603594860062,0.00016849345411174,0.00015973778499756008,0.0002589596260804683,0.00027508364291861653,0.00023180025164037943,0.00022499612532556057,0.0002318080369150266,0.0002479057293385267,0.000191121143870987,0.00020928616868332028,0.00023937311198096722,0.00023431533190887421,0.00010548176942393184,0.00020421872613951564,0.000190311242477037,0.00023048937146086246,0.00018281240772921592,0.0002187416102970019,0.00021300508524291217,0.0002598297724034637,0.0001924186508404091,0.0002349473797949031,0.00015454230015166104,0.00020701800531242043,0.00024893952650018036,0.00020385086827445775,0.0002099403354804963,0.00025267491582781076,0.00014653356629423797,0.0001664334413362667,0.0003072572872042656,0.0002594582038000226,0.0001837032032199204,0.00016789426445029676,0.00021869617921765894,0.0002389805595157668,0.00023314428108278662,0.0002126910403603688,0.00016723680892027915,0.00021840691624674946,0.0002179323200834915,0.00016597984358668327,0.00022974307648837566,0.0002437826042296365,0.00019795239495579153,0.00022070998966228217,0.0002866640279535204,0.0001395760045852512,0.00025694150826893747,0.00024708782439120114,0.00023076472280081362,0.00021570888930000365,0.0002521271235309541,0.00016786578635219485,0.0002224287745775655,0.0001518930512247607,0.00020914123160764575,0.00025439829914830625,0.0002690420369617641,0.00024638534523546696
TBX/4:TBX,0.0029276421410031617,0.0028933746507391334,0.0037403798196464777,0.0032813316211104393,0.002964623156003654,0.0021149329841136932,0.002951798029243946,0.0028005227795802057,0.0031746409367769957,0.003938380861654878,0.002683987026102841,0.003144282673019916,0.0026996427914127707,0.003385755233466625,0.003281047916971147,0.0028445093194022775,0.002996687835548073,0.00250143586890772,0.0028700482798740268,0.003139516687951982,0.003355251275934279,0.002323773398529738,0.0034893808187916875,0.002428577048704028,0.003167333663441241,0.0034299910767003894,0.0031648289295844734,0.002681646845303476,0.0036285975947976112,0.002730558451730758,0.002386970620136708,0.002268604701384902,0.002969619701616466,0.002903136715758592,0.0036017976235598326,0.0025411148671992123,0.002664757543243468,0.0021883317385800183,0.002810656325891614,0.0032515624188818038,0.003103407798334956,0.0028844793559983373,0.003182483254931867,0.002982790698297322,0.0036597636062651873,0.002948098466731608,0.0031522297067567706,0.002775224798824638,0.0032863112865015864,0.002998980460688472,0.0030553265241906047,0.002473500033374876,0.0031775617389939725,0.0031764800660312176,0.00271104444982484,0.0036075199022889137,0.0031407081987708807,0.0027960887528024614,0.0032401775242760777,0.0031004338525235653,0.0029838542686775327,0.0030779498629271984,0.0032069248845800757,0.0029410218994598836,0.003305949445348233,0.004416693816892803,0.0026469743461348116,0.003101358423009515,0.0039783703396096826,0.0029742002370767295,0.003106839954853058,0.0038164559518918395,0.0031529461266472936,0.0027008423348888755,0.003683533752337098,0.0027705704560503364,0.003076503286138177,0.003276082221418619,0.0037419262807816267,0.003206494206096977,0.002696224779356271,0.003185224428307265,0.0030288525158539414,0.002815679123159498,0.003508093417622149,0.0035570116015151143,0.002988950058352202,0.0032586839515715837,0.003982464666478336,0.0036494428059086204,0.0036829643649980426,0.003346929792314768,0.0033318643691018224,0.0034909005044028163,0.002840053872205317,0.0038939211517572403,0.0030428008176386356,0.003034874447621405,0.0035893841413781047,0.0035872943699359894
NR/1:nuclearreceptor,0.0008828057907521725,0.0009369067993247882,0.001017467540805228,0.0010518109338590875,0.000929961766814813,0.0007077739428495988,0.0011069491156376898,0.0010892498103203252,0.0009211306605720893,0.0010574902407824993,0.0006772940250812098,0.0007942625816212967,0.000835961865959689,0.0012172695132903755,0.0009807438182178885,0.0008929793839342892,0.0009032057860167697,0.0009928052604664117,0.001264010337763466,0.0006309455493465066,0.0008576037362217903,0.0008924876892706379,0.0009522965701762587,0.0009725915297167376,0.0010653183853719383,0.000859775158460252,0.0009052615496329963,0.0011245486530242488,0.0007661992276553065,0.000858994317241013,0.0011594322277233005,0.0010959382925648242,0.0010952821758110076,0.0009100800234591588,0.0011147309269290417,0.0010856029257411137,0.0010795408597914502,0.0009722513641463593,0.0009524737688479945,0.0010807054786710069,0.0009308956578024663,0.0010817646980285645,0.0011399938521208242,0.0011032349575543776,0.0010205826547462493,0.000833197234896943,0.0010162481921724975,0.0008757101313676685,0.0010452829737914726,0.0009410571656189859,0.0008692968258401379,0.00122812956396956,0.0006892130913911387,0.0011405370169086382,0.0008861917158355936,0.0009604080114513636,0.001267885891138576,0.0009756409417605028,0.0007857222226448357,0.000868700779392384,0.0006925850902916864,0.0007369662052951753,0.0010084475070470944,0.001119882581406273,0.00119170977268368,0.0010889056575251743,0.0009230800642399117,0.0011806781985796988,0.0009778180974535644,0.0011884958803420886,0.0011638297291938215,0.0008422374667134136,0.0010044354858109728,0.0009753913327585906,0.0008781491051195189,0.0009848241170402616,0.0008313340949825943,0.0008743546495679766,0.0011182606540387496,0.0010152489558095112,0.0012439142010407522,0.0008752146532060578,0.0007917014008853585,0.0009312263719039038,0.0007472290599253029,0.001013501692796126,0.000957999232923612,0.0009363908029627055,0.0010456586023792624,0.0009926099010044709,0.0008929832983994856,0.000897377947694622,0.000999352865619585,0.0008217204303946346,0.0011310362897347659,0.0011384945828467607,0.0009821160492720082,0.0007891936838859692,0.0009239780047209933,0.0008583170565543696
Ebox/CAGCTG:bHLH,0.0022515547461807728,0.001867207232862711,0.0025567656848579645,0.002074452582746744,0.002110506175085902,0.0018587352242320776,0.0019107999978587031,0.0020538601092994213,0.0018700006185099483,0.0018571369582787156,0.0012009259080514312,0.0019032598938792944,0.002417215146124363,0.0023157724644988775,0.0011842934181913733,0.002344633685424924,0.002324832836166024,0.0019186788704246283,0.001967512769624591,0.002097663003951311,0.0017874555196613073,0.0015982784098014235,0.002289732452481985,0.0015884946333244443,0.0017425557598471642,0.0020325465593487024,0.0021450663916766644,0.0022712848149240017,0.002081792103126645,0.0023237995337694883,0.0016408481169492006,0.0012812953209504485,0.001836936455219984,0.001924625365063548,0.0016728495247662067,0.0018470881041139364,0.002220155904069543,0.0016825385391712189,0.0020128057803958654,0.0025782273150980473,0.002298160921782255,0.0014736230950802565,0.0013487458927556872,0.001974716316908598,0.0019745456520467997,0.0020712995901703835,0.001793221803382039,0.0016853302950039506,0.0013251882046461105,0.0015825425507500768,0.002065670909360051,0.002025676192715764,0.00268027326092124,0.0019491534912958741,0.0027497936971485615,0.002440023934468627,0.0020718169398605824,0.0018895389512181282,0.0021369238384068012,0.00204108702018857,0.001880367868579924,0.002208941150456667,0.002132158260792494,0.0023074797354638577,0.001967112999409437,0.0022517635952681303,0.0018017482943832874,0.0015812544152140617,0.0022786795161664486,0.002147138584405184,0.0018692956073209643,0.0015878177946433425,0.002140446100383997,0.0020904014818370342,0.002065638778731227,0.0018595042638480663,0.0016091258730739355,0.0020047666039317846,0.002080551814287901,0.0016080037457868457,0.002194518456235528,0.0020048695150762796,0.0020130975171923637,0.002473958535119891,0.002175880828872323,0.0020908222068101168,0.002054519485682249,0.002298870123922825,0.002069079549983144,0.0021349836606532335,0.0019312213407829404,0.001633599866181612,0.001986211398616433,0.0019046461675316095,0.002576911123469472,0.0016638621455058455,0.0018278340576216578,0.002083230996504426,0.0019933057483285666,0.0021529223304241896
NR/17:nuclearreceptor,0.000504953961353749,0.000685263832565397,0.0005881455144844949,0.0005372797604650259,0.000595335615798831,0.00035767315421253443,0.000618308549746871,0.0004223604337312281,0.00042851537000387907,0.00045945754391141236,0.0003517878067214042,0.00039298986666835845,0.0005784204695373774,0.00034654969931580126,0.0003529332170728594,0.000533568556420505,0.00046530229155905545,0.00045887258602306247,0.0002921172126661986,0.0005521959974430501,0.0005084857693873346,0.00043405694304965436,0.0005123591399751604,0.00040484461351297796,0.0004490287974476814,0.0003004194295499474,0.0006797712994739413,0.00025609610020183027,0.0006679811631329358,0.000641918508335948,0.0003360971750225872,0.00021863041911274195,0.000283854897134006,0.0005447051371447742,0.00034771690843626857,0.0007436073501594365,0.0002729088009800762,0.00048079885891638696,0.0003574173024389893,0.0004722359008155763,0.00037542806239798665,0.0007105186814442277,0.0004037912585772574,0.00040172546869143844,1.3464633411786053e-05,0.0006708302535116673,0.0003235266194678843,0.0004156942304689437,0.0003031041705980897,0.0005581635050475597,0.0005556416581384838,0.0005992047372274101,0.0005568310734815896,0.00029986939625814557,0.00026067381259053946,0.0004348246438894421,0.00048183530452661216,0.0005594418616965413,0.0006214396562427282,0.0006040791049599648,0.0006375756347551942,0.00034510315163061023,0.0005762394284829497,0.0002114852104568854,0.00021697458578273654,0.00039615121204406023,0.0003714855411089957,0.000549795338883996,0.00033449786133132875,0.00022420323512051255,0.00028022093465551734,0.00022401603928301483,0.00027824845165014267,0.0005528618930839002,0.0005337693728506565,0.0003797645040322095,0.0003033729735761881,0.0007157443906180561,0.00022169903968460858,0.00037522808997891843,0.00040158460615202785,0.0005087560275569558,0.00037992181023582816,0.0005201243911869824,0.000494769774377346,0.000596418569330126,0.000563411449547857,0.0004746175545733422,0.0004130756133235991,0.000662044738419354,0.0002264626818941906,0.000557077641133219,0.00031219449010677636,0.0003951679391320795,0.0006550809484906495,0.00027403037529438734,0.0005757652688771486,0.0005369891878217459,0.0003501803439576179,0.0005907973973080516
Ebox/CAGATGG:bHLH,0.009769248048542067,0.008871580401319079,0.014123219756584149,0.009636746151954867,0.00886186112256837,0.010603334580082446,0.012101020984118804,0.009479504020418972,0.007180116212111898,0.01101066786213778,0.006054650613805279,0.010346312090405263,0.0109645535267191,0.01421750127337873,0.01053902854619082,0.0106580929204938,0.009388523118104786,0.009694640160887502,0.011388275495846756,0.011839442144264467,0.010000385525927413,0.010218817376880907,0.012101352331228554,0.008515385765349492,0.009328705185907893,0.010766493185656145,0.010359901541960426,0.011287347064353526,0.01098140217072796,0.010260316877975129,0.00870850206410978,0.008796278154477477,0.009283103048801422,0.009027053733007051,0.008343411511305021,0.009619085030863062,0.009867885382845998,0.008925443136831746,0.009597462325473316,0.012320258407271467,0.01384479078114964,0.00886589953006478,0.008328548166900873,0.011211455770535395,0.010951327756629325,0.011371413769666106,0.012674334400799125,0.012001458831946366,0.010829232691321522,0.010059209729661234,0.010286578137311153,0.010629209238686599,0.011749614379368722,0.011473281134385616,0.01154942560242489,0.012434222968295217,0.010633502024575137,0.010422256877063774,0.010238075759843923,0.010031241938122548,0.010423049330711365,0.010001795148127712,0.012045465802657418,0.010610829282086343,0.00950535264564678,0.011627593587036245,0.008570666614104994,0.009450387078686617,0.010511177344596945,0.01009342419274617,0.010533369772019796,0.010506579419597983,0.011914675240404904,0.01021194361965172,0.009114861764828674,0.009896201736410148,0.009048349893419072,0.00988907876308076,0.012856184628617484,0.010589991499728058,0.011183674505446106,0.009913206216879189,0.009615344752091914,0.01439774376922287,0.0108517278713407,0.010007711469370406,0.010093477918417193,0.010266901823342778,0.011117326910607517,0.011514335696119815,0.011901687481440604,0.011454453022452071,0.011253653559833765,0.010069092546473257,0.010922942943579983,0.010041389396064915,0.009035297978698509,0.009629761902033351,0.010427358050947078,0.011242851935094222
GLIS:C2H2,0.0014713919372297823,0.0012710460578091443,0.0009245717083103955,0.0009991710539907217,0.0012885916512459517,0.0011165890318807214,0.0011596936965361238,0.0007748018251731992,0.0012282973621040583,0.0012152678682468832,0.0011160748254042119,0.0009948262013494968,0.0010823309276020154,0.0009808076138142496,0.001193657546536997,0.0011894357448909432,0.0015269399445969611,0.0011769132397603244,0.0013539917417801917,0.0009106832731049508,0.001326359692029655,0.0009970726387109607,0.001324320095591247,0.001278301584534347,0.001089711586246267,0.0008664681517984718,0.0012146186199970543,0.0012320243986323476,0.001204709173180163,0.0010438360332045704,0.000928883469896391,0.0010927385301329195,0.0013778808643110096,0.001371507707517594,0.0006868396594654769,0.001341579802101478,0.0010875992884393781,0.0009843051084317267,0.0012973530101589859,0.001283044199226424,0.001193653413793072,0.0009761670080479234,0.001196494878968224,0.0012283639516681433,0.0009918399155139923,0.0009541682957205921,0.0011283006169833243,0.0010366500937379897,0.001067669305484742,0.0011578274716157466,0.0012417366669978946,0.0014518292155116796,0.0010674865043256432,0.0015496501582674682,0.0007256148383021355,0.0012914648687001318,0.0010043919901363552,0.0013639582903124392,0.0012136967270635068,0.001196484692627564,0.0010808001388795674,0.0011438615038059652,0.001214423478813842,0.0006713610491715372,0.0012336304353084415,0.0012062715832144022,0.0009963245538529009,0.0008736594027141109,0.0009728081349749118,0.001086727948859334,0.0011872249306179583,0.0009830794588197023,0.0011239539016969502,0.001090076199034229,0.0014514838985633105,0.0011020120000466704,0.0011915929208043963,0.0010755157854873687,0.0011726142547558993,0.0013461625494528562,0.0012354262289591134,0.0011861682287417352,0.001330813392996788,0.001013491943012923,0.0009023133025038987,0.0010834618005901575,0.0010505578247830272,0.0006777868547942489,0.0008609470096416771,0.0011160986323375255,0.0012877630651928484,0.0011063141282647848,0.0010690347116906196,0.0014156141551211476,0.0012660942447837442,0.00086976372404024,0.0009836191893555224,0.0013321922742761672,0.0011160982539877295,0.0010462064819876105
TBX/2:TBX,0.001000335265416652,0.0010378827573731542,0.0011506722657941282,0.0010329447395633906,0.0008503105491399765,0.001044484379235655,0.0010927124239969999,0.0009940719173755497,0.0011021189857274294,0.001109803415602073,0.001292247761739418,0.0011628649663180113,0.0011572844523470849,0.001188445632578805,0.0009354832000099123,0.0010169050365220755,0.0011609666398726404,0.0011452212347649038,0.0011393398453947157,0.0010200942342635244,0.0010631483455654234,0.0008503588032908738,0.0011421828821767122,0.0008563895244151354,0.0010541810770519078,0.000995610054815188,0.0011443646217230707,0.0010384561319369823,0.0012296153872739524,0.0011300064797978848,0.0010720430873334408,0.001002901408355683,0.0011328590626362711,0.0011248324590269476,0.001037125097354874,0.0013158963702153414,0.001082866860087961,0.001093700819183141,0.0012508554791565984,0.0011430049198679626,0.0010612006590235978,0.0010099740757141262,0.0009434307867195457,0.0010953764140140265,0.0009517122816760093,0.001285089208977297,0.0008890742610674351,0.0007029478438198566,0.0009050928056240082,0.000925861211726442,0.0011381387303117663,0.0010083105007652193,0.0011272885894868523,0.0012686426634900272,0.0010067223047371954,0.0010706500906962901,0.0009263995452784002,0.0008833374886307865,0.0011447704455349594,0.0009744122799020261,0.0010890542471315712,0.0011827363341581076,0.0011474650236777961,0.0010886923118960112,0.001037023204844445,0.001093999424483627,0.0011339827615302056,0.0011183608730789274,0.00093833651044406,0.0010290297796018422,0.0010263513249810785,0.0010148296423722059,0.0011437419743742794,0.0011058461968787014,0.0009862696460913867,0.0012350997712928802,0.0012149180402047932,0.0011531083728186786,0.0010720058053266257,0.0009481067827437073,0.0009253437165170908,0.001017943024635315,0.00106386499828659,0.001048188074491918,0.0012208536209072918,0.0010591224709060043,0.0011451368918642402,0.0010143619147129357,0.001013472385238856,0.001152044569607824,0.0011906122090294957,0.000958041608100757,0.00103161355946213,0.001062561001162976,0.0011343694641254842,0.0011776094615925103,0.0009864348685368896,0.0012820690753869712,0.0011431744205765426,0.0011531713826116174
CREB/ATF/3:bZIP,0.0013412634143605828,0.0013314203242771327,0.0014321224298328161,0.0014394587487913668,0.001373021281324327,0.001344065647572279,0.0015421506250277162,0.0016059246263466775,0.0012516050483100116,0.0017952891066670418,0.0014766380772925913,0.0016801999881863594,0.001551047491375357,0.0013013085117563605,0.0015570694813504815,0.001566272578202188,0.0014182154554873705,0.0014470934984274209,0.001363786170259118,0.0014801571378484368,0.0014567169710062444,0.0011999976704828441,0.001322115131188184,0.0013964329264126718,0.0015759943053126335,0.0013287340407259762,0.001522454957012087,0.0013383671175688505,0.0014468556037172675,0.0013305942411534488,0.0012567262747325003,0.001334834611043334,0.0015667213592678308,0.0014479843084700406,0.0015239689964801073,0.0015545041533187032,0.001583967823535204,0.001356018299702555,0.001219152007251978,0.001556179893668741,0.001499014615546912,0.001365708711091429,0.0011199219734407961,0.0015974569832906127,0.0015214195591397583,0.001576771552208811,0.0015322131221182644,0.0013712680665776134,0.001504206855315715,0.0012167469249106944,0.0013735664542764425,0.0015640099300071597,0.0013415160938166082,0.001727079099509865,0.00155605748295784,0.0011956089292652905,0.0014874663320370018,0.0014557868125848472,0.001525139668956399,0.0015275978948920965,0.0013480231282301247,0.0014063570997677743,0.0018607897218316793,0.0018140709144063294,0.0013606968568637967,0.001495182455983013,0.001164081069873646,0.001541438337881118,0.0013201147085055709,0.001609694620128721,0.00146599137224257,0.0014135120436549187,0.0015496560954488814,0.001254418573807925,0.001291577413212508,0.0015878455596975982,0.0016093464219011366,0.0013928754488006234,0.001820170204155147,0.001580586889758706,0.001585870108101517,0.0014743239153176546,0.0012201840872876346,0.0015646071406081319,0.0015749045414850116,0.0014060967951081693,0.0014142548898234963,0.001593862718436867,0.0013801216846331954,0.0015688553685322404,0.0015688732382841408,0.0014641999150626361,0.00148810725659132,0.001532896887511015,0.001231867412570864,0.001403343107085675,0.0015361913247033954,0.0014867941499687731,0.001674933999311179,0.0016585220000706613
KLF/SP/1:C2H2,0.0009302039979957044,0.0008132494804158341,0.0009135312539001461,0.0008023077170946635,0.0009609237749828026,0.0008873130427673459,0.0009440426802029833,0.0009783440036699176,0.0009629906708141789,0.001083759154425934,0.0006798820795665961,0.0009083217701117974,0.0007189220486907288,0.0009566648514010012,0.0010728327542892657,0.0007113815227057785,0.0009464253344049212,0.0009304653685830999,0.0010680018058337737,0.000778138242822024,0.0008290660989587195,0.000844059897644911,0.0013836883081239648,0.0009215925201715436,0.0009814364748308435,0.001322330892435275,0.0007586053543491289,0.0006926722671778407,0.0007148568329284899,0.0008823622811178211,0.0009937013455783017,0.001327174362813821,0.0009720952730276622,0.0007739090833638329,0.0010349303811381105,0.0009703000469016843,0.001051267523507704,0.0008081218657025602,0.001053854779456742,0.0006211272266227752,0.0007727617739874404,0.0008291548074339516,0.001117810161304078,0.0010767680032586213,0.001150204687291989,0.0007342063763644546,0.0009715394990053028,0.0009820903760555666,0.0009153221217275131,0.0010205474609392695,0.0011599306235439144,0.0009083636687137187,0.0007414412830257788,0.0009376644557050895,0.0009025181061588228,0.0012052243182552047,0.0009071465683518909,0.0009766421717358753,0.0008876971041900106,0.000799107932834886,0.0007414153515128419,0.0007776406564516947,0.0012362459274299908,0.0012017197914246935,0.0014483390768873505,0.0011079471332777757,0.0008850564481690526,0.0010461219790158793,0.0010094146709889174,0.0011076288283220492,0.0009831070383370388,0.0011525897571118549,0.001031120351399295,0.0011930678883800283,0.00100879490855732,0.0008519977563992143,0.0008198536961572245,0.0011931227491004393,0.0007679269365326036,0.0009103923803195357,0.0010286807955708355,0.0009565269028826151,0.0007856505071686115,0.0010845057804544922,0.0005686067888746038,0.0009139173016592395,0.0008723971986910328,0.0009633710069465451,0.0010252917309117038,0.0006964537751628086,0.0009553298586979508,0.0010021260823123157,0.0010096801852341741,0.0009885907275020145,0.0009473032732785214,0.0011283473577350378,0.0008917969316826202,0.0006616576247324701,0.0010448318571434356,0.0006297394938883372
KLF/SP/3:C2H2,0.00042279850458726287,0.00030236784368753433,0.000541452958714217,0.0002789304417092353,0.0004573330807033926,0.0005871791508980095,0.0005206296336837113,0.00040526679367758334,0.00055051373783499,0.0004948654095642269,0.0005845382111147046,0.00048504414735361934,0.0007160521345213056,0.0006292809266597033,0.0006797058740630746,0.0004804486525245011,0.0006211484433151782,0.0005646906211040914,0.0005505479639396071,0.0005390663864091039,0.0004376764118205756,0.00044237170368433,0.0006315843784250319,0.0005599830183200538,0.0003485974739305675,0.0005215723649598658,0.00047014292795211077,0.0004069210554007441,0.0006298597436398268,0.0005135865649208426,0.0005412136670202017,0.0007009180262684822,0.0006537457229569554,0.0006452396628446877,0.0005241728504188359,0.0005363362142816186,0.00040323848952539265,0.000528871372807771,0.0005040746182203293,0.0006176180322654545,0.0005107081960886717,0.0006854791427031159,0.0004967979621142149,0.0005958190886303782,0.0006698921206407249,0.0005622495664283633,0.0006665799883194268,0.0005858559161424637,0.0006609114934690297,0.00040528125828132033,0.000555847364012152,0.0004932063166052103,0.0005962384166195989,0.0006359744002111256,0.0006495664129033685,0.0005721332272514701,0.00042391763417981565,0.0004992970498278737,0.00040299599641002715,0.0003515546559356153,0.00048195873387157917,0.0005186729249544442,0.0008060556137934327,0.0005302366917021573,0.0005397919449023902,0.00047920586075633764,0.000547646835912019,0.0005344622768461704,0.0005252980627119541,0.0003866933402605355,0.0005319952615536749,0.0005460839602164924,0.0004840504552703351,0.0006335038342513144,0.0004193703061901033,0.0006674205651506782,0.0006112313712947071,0.00041607735329307616,0.0004525258846115321,0.0006620795466005802,0.00040902881301008165,0.0003667965065687895,0.0004776635905727744,0.00061960075981915,0.0005045412690378726,0.000537531916052103,0.0003920451854355633,0.0004375650023575872,0.000518543180078268,0.0007543720421381295,0.0007017353782430291,0.0007250303751789033,0.0005057429079897702,0.00048486716696061194,0.0005201509338803589,0.0004919263301417232,0.0004127496213186532,0.000672544352710247,0.0006392275099642575,0.0006616739556193352
SPI:ETS,0.00102975606569089,0.0008486335864290595,0.0010410022514406592,0.0010763727477751672,0.0011046922008972615,0.0009923151519615203,0.0010874266736209393,0.0012145523505751044,0.0009150911646429449,0.0009860657737590373,0.0007710044446866959,0.0011203212197870016,0.0010283731971867383,0.0020371500868350267,0.0009379239636473358,0.001149399089626968,0.0006764113932149485,0.0010672986099962145,0.0013475634041242301,0.0010883150971494615,0.000759686081437394,0.0013332226080819964,0.001188916590763256,0.0013583134423242882,0.001156891870778054,0.001035709079587832,0.0009268476569559425,0.0013607193832285702,0.0011791312717832625,0.0009263676183763891,0.001206826651468873,0.0007918162737041712,0.0010906885145232081,0.0006510435341624543,0.0008968455949798226,0.0010161971731577069,0.0012629873817786574,0.0011334217560943216,0.0011687045625876635,0.0012876246473751962,0.001078486704500392,0.0011735149309970438,0.0012876482214778662,0.001192080497276038,0.001177927479147911,0.0014242467586882412,0.0009539761231280863,0.000950492947595194,0.0010835622379090637,0.0010965366382151842,0.001142976398114115,0.0013546646514441818,0.0008387425041291863,0.0009505547059234232,0.000796398235252127,0.0007142880349420011,0.001831239031162113,0.0014834722387604415,0.001050941675202921,0.0008290126570500433,0.0009744895796757191,0.0006990350957494229,0.0014819359057582915,0.0007369215018115938,0.0013893481227569282,0.0010598596709314734,0.0015109916566871107,0.0012976530124433339,0.0010972112650051713,0.0011268117232248187,0.0008529677579645067,0.0010944833047688007,0.0012303934781812131,0.0007444557268172503,0.0006219018105184659,0.0005324132125679171,0.0009040590666700155,0.0008562766015529633,0.0010725274914875627,0.0009048956271726638,0.0017615410615690053,0.0012380963889881968,0.0007301555015146732,0.001315787434577942,0.001089556113583967,0.0012017404369544238,0.0008954746008384973,0.0004652121278923005,0.0008438499353360385,0.0014072491903789341,0.0006397874094545841,0.0008302181724104685,0.0011605570034589618,0.0013663684076163918,0.000984433019766584,0.0013716905959881842,0.0011355023307260126,0.0010913026635535061,0.000820055283838883,0.0012998809688724577
YY1:C2H2,5.6410830438835546e-05,6.509214290417731e-05,8.599516149843112e-05,8.426397835137323e-05,8.756245370022953e-05,6.645139364991337e-05,7.084386015776545e-05,0.00010559884685790166,0.00011770962009904906,0.00012133357813581824,0.00013496910105459392,0.00013951363507658243,4.53536631539464e-05,8.056232036324218e-05,0.00010786350321723148,5.0319496949668974e-05,3.7352958315750584e-05,0.0001484044623794034,9.458346903556958e-05,6.146569648990408e-05,5.3650630434276536e-05,0.00010204940917901695,6.950367242097855e-05,0.00011553150397958234,0.00010188860323978588,7.184187415987253e-05,6.464632315328345e-05,9.370756743010134e-05,2.336197030672338e-05,5.009802771382965e-05,7.842099876143038e-05,7.454209844581783e-05,7.429702236549929e-05,3.757756348932162e-05,3.0764960683882236e-05,3.497904253890738e-05,5.4499341786140576e-05,0.00015407860337290913,8.963573782239109e-05,4.654065924114548e-05,0.00012978054292034358,7.216372614493594e-05,8.457784861093387e-05,7.845579966669902e-05,0.00012520486779976636,5.4135394748300314e-05,0.00013866342487744987,6.800041592214257e-05,0.00011960410483879969,6.94582995492965e-05,8.126926695695147e-05,9.986921941163018e-05,6.645279790973291e-05,8.522571442881599e-05,7.54126303945668e-05,2.704326470848173e-05,0.00010583487164694816,0.00015216079191304743,8.695551514392719e-05,4.231598359183408e-05,4.643251668312587e-05,9.022154699778184e-06,9.138423047261313e-05,0.00014276764704845846,0.00010902401845669374,4.8055400839075446e-05,0.00011468036973383278,8.25393944978714e-05,0.00010733939416240901,4.579413871397264e-05,0.00010088972339872271,9.614610462449491e-05,8.779521158430725e-05,5.665373464580625e-05,6.710853631375358e-05,7.943339733174071e-05,8.24499293230474e-05,6.615862366743386e-05,7.59932809160091e-05,0.00011526633898029104,7.44659046176821e-05,8.039375825319439e-05,8.402109233429655e-05,5.9736954426625744e-05,1.541178789921105e-05,7.647761231055483e-05,5.410967787611298e-05,7.547040877398103e-05,5.985012467135675e-05,3.9072157960617915e-05,7.797047874191776e-05,6.505678902612999e-05,0.00012670746946241707,7.767765055177733e-05,6.443220627261326e-05,6.585438677575439e-05,7.752457167953253e-05,6.365160515997559e-05,0.00012273190077394247,2.608627619338222e-05
AP1/1:bZIP,0.0007212337804958224,0.0006537724402733147,0.0007267608889378607,0.0006778424140065908,0.0008078800747171044,0.0004263815062586218,0.0005566069157794118,0.0005403991672210395,0.0007815794087946415,0.0005293816793709993,0.0005037873052060604,0.0005655329441651702,0.0006214311579242349,0.0008418532088398933,0.0005266760708764195,0.0005945863085798919,0.0006316740764304996,0.0006073154509067535,0.00045449318713508546,0.0006624924135394394,0.0005695961299352348,0.0006060262676328421,0.00043116943561472,0.0006353567587211728,0.0006966880173422396,0.0004391935362946242,0.0007772560929879546,0.0006738808006048203,0.0003471762756817043,0.000651399721391499,0.00033858127426356077,0.00042702077189460397,0.0006407570326700807,0.00074247014708817,0.0005157372797839344,0.0007130178855732083,0.0005835536867380142,0.000619590631686151,0.00042314804159104824,0.0006211239378899336,0.0007944775279611349,0.0005981953581795096,0.0006937787402421236,0.0004964396357536316,0.00045387240243144333,0.0006124721840023994,0.0005021514371037483,0.000644789426587522,0.00040062202606350183,0.0006567043601535261,0.0006136070005595684,0.0005677807494066656,0.00043215963523834944,0.0007124425028450787,0.0006489141960628331,0.0008605215116403997,0.0006545237265527248,0.0007528836722485721,0.0007154869381338358,0.0006721147801727057,0.000509968725964427,0.0007060905918478966,0.0008243644842877984,0.00046825737808831036,0.0004356466233730316,0.0004315766564104706,0.0005471136537380517,0.0007827483932487667,0.0004950223374180496,0.0006372468778863549,0.0005244980566203594,0.00043226638808846474,0.000801111338660121,0.0007072743028402328,0.0006782333366572857,0.0002932071511168033,0.00028585197287611663,0.00044854378211311996,0.00074389623478055,0.0004990714369341731,0.0005630753585137427,0.0005092614446766675,0.0005440455279313028,0.0004477337934076786,0.0005055978544987738,0.0005976905231364071,0.000604921777267009,0.0004974312032572925,0.0003335545479785651,0.0006485491758212447,0.000823145208414644,0.0005830023437738419,0.0004527085111476481,0.0006194105953909457,0.0007347256760112941,0.0005747617105953395,0.0006687717977911234,0.0005489348550327122,0.000500397989526391,0.00046354247024282813
HD/18:homeodomain,-0.011104726232588291,-0.010262791998684406,-0.010987168177962303,-0.010535310953855515,-0.010015412233769894,-0.008616223931312561,-0.010134820826351643,-0.008860550820827484,-0.008856014348566532,-0.010411828756332397,-0.007956343702971935,-0.011379777453839779,-0.008742925710976124,-0.011610732413828373,-0.009643295779824257,-0.009563006460666656,-0.010331817902624607,-0.0088078947737813,-0.010458586737513542,-0.007889294996857643,-0.010604928247630596,-0.009417307563126087,-0.009341095574200153,-0.00916240457445383,-0.009260020218789577,-0.008790591731667519,-0.010310173034667969,-0.01018683984875679,-0.007918269373476505,-0.009358607232570648,-0.00917393434792757,-0.008280898444354534,-0.009249509312212467,-0.009278607554733753,-0.009643888100981712,-0.010376214981079102,-0.01026366837322712,-0.008377518504858017,-0.009490873664617538,-0.01064291875809431,-0.008931286633014679,-0.008109848946332932,-0.010031742975115776,-0.009947347454726696,-0.009452045895159245,-0.009372151456773281,-0.0095193637534976,-0.009054811671376228,-0.009813424199819565,-0.010009989142417908,-0.010052887722849846,-0.009550298564136028,-0.008155794814229012,-0.010614445433020592,-0.008744732476770878,-0.010718672536313534,-0.010620943270623684,-0.00889433640986681,-0.010207037441432476,-0.010659520514309406,-0.0076089841313660145,-0.009154416620731354,-0.011028246954083443,-0.008440660312771797,-0.007962106727063656,-0.010844564065337181,-0.009386117570102215,-0.009863335639238358,-0.009334048256278038,-0.00980695616453886,-0.009883674792945385,-0.008815829642117023,-0.010847413912415504,-0.010491102933883667,-0.010442315600812435,-0.01016773097217083,-0.010244036093354225,-0.009435509331524372,-0.01085825078189373,-0.009635916911065578,-0.010370430536568165,-0.008429910987615585,-0.009762102738022804,-0.01031404361128807,-0.00912121869623661,-0.010020719841122627,-0.008326422423124313,-0.009677819907665253,-0.009877588599920273,-0.00881904736161232,-0.009960919618606567,-0.01003983523696661,-0.008792439475655556,-0.010096623562276363,-0.011081202886998653,-0.010026710107922554,-0.009232617914676666,-0.009303868748247623,-0.00924779288470745,-0.007556590251624584
HD/20:homeodomain,0.0002499820839148015,0.0002524042793083936,0.0003058398433495313,0.0002139364369213581,0.0002159139112336561,0.00032721631578169763,0.00022677665401715785,0.00038521437090821564,0.0002925062144640833,0.0002950392081402242,0.00021357671357691288,0.00017362114158459008,0.0003266677085775882,0.0003311899781692773,0.00040002362220548093,0.0003488293441478163,0.00025549126439727843,0.0002965184976346791,0.0003366011078469455,0.0002845154667738825,0.00026487934519536793,0.0003300335956737399,0.00033166634966619313,0.00019250877085141838,0.00025299526168964803,0.00042949506314471364,0.000342267012456432,0.0003216915938537568,0.0003463558095972985,0.00022427755175158381,0.00030455883825197816,0.00019526775577105582,0.0004948550486005843,0.0003531972470227629,0.0002805465192068368,0.00032922052196227014,0.0003206942055840045,0.0003114049613941461,0.00029354493017308414,0.00038048153510317206,0.00034111517015844584,0.00047709225327707827,0.00011663062468869612,0.0002217998990090564,0.00041245785541832447,0.00039605205529369414,0.000326010660501197,0.00034292638883925974,0.0004073682357557118,0.00018902114243246615,0.0003622238291427493,0.0003353323554620147,0.00022280814300756902,0.0003607204125728458,0.0002348773559788242,0.00025381415616720915,0.00014774870942346752,0.0001559647498652339,0.0003559087053872645,0.0002450950851198286,0.00036879521212540567,0.00021566810028161854,0.00021296854538377374,0.0003572091518435627,0.00011693606211338192,0.0004489040293265134,0.0001833392452681437,0.0001621119590708986,0.00034634320763871074,0.00022742192959412932,0.0002429887535981834,0.00037509124376811087,0.00031012450926937163,0.0002735971356742084,0.00015905209875199944,0.00032462956733070314,0.00030197121668606997,0.0002908098977059126,0.00037430902011692524,0.0004167123988736421,0.00037776544922962785,0.00027849015896208584,0.00024562544422224164,0.00032971962355077267,0.0003028891223948449,0.0002868673182092607,0.0002921265840996057,0.0003277487412560731,0.00038513223989866674,0.0004189044702798128,0.00047004898078739643,0.00015815369260963053,0.00022978149354457855,0.0002269883407279849,0.0002681328041944653,0.00029676512349396944,0.0003091319522354752,0.00034055125433951616,0.00029703829204663634,0.0004669511108659208
NFAT/2:NFAT,0.00038648181362077594,0.00046715937787666917,0.00033857731614261866,0.0005188111681491137,0.0006788463215343654,0.0006589399417862296,0.0007096967310644686,0.0005664315540343523,0.0007033102447167039,0.000575497979298234,0.00010136055789189413,0.00016278628027066588,0.0007149952580220997,0.0009004112798720598,0.0006430112989619374,0.0008311258279718459,0.00036589690716937184,0.0006896624690853059,0.0005627976497635245,0.0008918484090827405,0.0004503865202423185,0.000525008887052536,0.0007076638867147267,0.000700890610460192,0.000383617210900411,0.0006382650462910533,0.0006016018451191485,0.0008019758970476687,0.0010788431391119957,0.0009830425260588527,0.0005614608526229858,0.0011956865200772882,0.00037436571437865496,0.0006500543095171452,0.0005316669121384621,0.0005781849031336606,0.00048076099483296275,0.0005922762211412191,0.0003041791496798396,0.0010191680630668998,0.0003112104022875428,0.0011552172945812345,0.00048035100917331874,0.000449772720457986,0.000924288819078356,0.0007446212111972272,0.0007228434551507235,0.0005921627162024379,0.0007523508393205702,0.000715889036655426,0.0004876791499555111,0.0005721809575334191,0.0007283787126652896,0.0008835995104163885,0.0007827961817383766,0.0006497016292996705,0.0007010055123828351,0.000680816825479269,0.00043621385702863336,0.0003538896271493286,0.00031980767380446196,7.017671305220574e-05,0.0010596468346193433,0.0005558027769438922,0.001185130444355309,0.0009283711551688612,0.0004862060013692826,0.0007193295750766993,0.0009108428494073451,0.0006330815958790481,0.00045543169835582376,0.0007106855628080666,0.0005266439402475953,0.0008591057267040014,0.000535100931301713,0.00031332511571235955,0.0005537233664654195,0.0007336812559515238,0.0004572366888169199,0.000666818639729172,0.0005786454421468079,0.00043148352415300906,0.0010808975202962756,0.00019099508062936366,0.0008294715080410242,0.0006590323173440993,0.0009299588273279369,0.0005976659595035017,0.000859880936332047,0.0007941055810078979,0.000680483179166913,0.0007598837255500257,0.0005701924674212933,0.00043646618723869324,0.0010698075639083982,0.0013576073106378317,0.0007990130688995123,0.0010235781082883477,0.0004657446697819978,0.0008180887089110911
